ObID,Group,Date,AMPM,Scan,TimeInSec,IndividualA,Behavior,IndividualB,IndividualC,IndividualD,IndividualE
G_Gri20220812PM,Griffin,2022-08-12,PM,1,1,Griffin,Solo-Feed,,,,
G_Gri20220812PM,Griffin,2022-08-12,PM,1,24,Lexi,Forage,,,,
G_Gri20220812PM,Griffin,2022-08-12,PM,1,34,Lily,Inactive,,,,
G_Gri20220812PM,Griffin,2022-08-12,PM,1,50,Widget,Solo-Feed,,,,
G_Gri20220812PM,Griffin,2022-08-12,PM,1,53,Wren,Locomote,,,,
G_Gri20220812PM,Griffin,2022-08-12,PM,2,182,Griffin,Forage,,,,
G_Gri20220812PM,Griffin,2022-08-12,PM,2,211,Lexi,Solo-Feed,,,,
G_Gri20220812PM,Griffin,2022-08-12,PM,2,220,Lily,Locomote,,,,
G_Gri20220812PM,Griffin,2022-08-12,PM,2,225,Widget,Solo-Feed,,,,
G_Gri20220812PM,Griffin,2022-08-12,PM,2,239,Wren,Locomote,,,,
G_Gri20220812PM,Griffin,2022-08-12,PM,3,363,Griffin,Locomote,,,,
G_Gri20220812PM,Griffin,2022-08-12,PM,3,371,Lexi,Forage,,,,
G_Gri20220812PM,Griffin,2022-08-12,PM,3,379,Lily,Groom,Lexi,,,
G_Gri20220812PM,Griffin,2022-08-12,PM,3,388,Widget,Locomote,,,,
G_Gri20220812PM,Griffin,2022-08-12,PM,3,392,Wren,Locomote,,,,
G_Gri20220812PM,Griffin,2022-08-12,PM,4,542,Griffin,Proximity-Feed,Lexi,,,
G_Gri20220812PM,Griffin,2022-08-12,PM,4,549,Lexi,Proximity-Feed,Griffin,,,
G_Gri20220812PM,Griffin,2022-08-12,PM,4,560,Lily,Locomote,,,,
G_Gri20220812PM,Griffin,2022-08-12,PM,4,565,Widget,Locomote,,,,
G_Gri20220812PM,Griffin,2022-08-12,PM,4,570,Wren,Locomote,,,,
G_Gri20220812PM,Griffin,2022-08-12,PM,5,723,Griffin,Proximity-Feed,Lexi,,,
G_Gri20220812PM,Griffin,2022-08-12,PM,5,731,Lexi,Proximity,Griffin,,,
G_Gri20220812PM,Griffin,2022-08-12,PM,5,738,Lexi,Contact,Lily,,,
G_Gri20220812PM,Griffin,2022-08-12,PM,5,745,Lily,Locomote,,,,
G_Gri20220812PM,Griffin,2022-08-12,PM,5,749,Widget,Solo-Feed,,,,
G_Gri20220812PM,Griffin,2022-08-12,PM,5,752,Wren,Locomote,,,,
G_Gri20220812PM,Griffin,2022-08-12,PM,6,903,Griffin,Proximity-Feed,Lexi,,,
G_Gri20220812PM,Griffin,2022-08-12,PM,6,910,Lexi,Solo-Feed,,,,
G_Gri20220812PM,Griffin,2022-08-12,PM,6,917,Lily,Locomote,,,,
G_Gri20220812PM,Griffin,2022-08-12,PM,6,930,Widget,Inactive,,,,
G_Gri20220812PM,Griffin,2022-08-12,PM,6,933,Wren,Locomote,,,,
G_Gri20220812PM,Griffin,2022-08-12,PM,7,1083,Griffin,Inactive,,,,
G_Gri20220812PM,Griffin,2022-08-12,PM,7,1087,Lexi,Inactive,,,,
G_Gri20220812PM,Griffin,2022-08-12,PM,7,1099,Lily,Proximity,Griffin,,,
G_Gri20220812PM,Griffin,2022-08-12,PM,7,1105,Widget,Proximity,Wren,,,
G_Gri20220812PM,Griffin,2022-08-12,PM,7,1108,Wren,Locomote,,,,
G_Gri20220812PM,Griffin,2022-08-12,PM,8,1262,Griffin,Solo-Feed,,,,
G_Gri20220812PM,Griffin,2022-08-12,PM,8,1274,Lexi,Solo-Feed,,,,
G_Gri20220812PM,Griffin,2022-08-12,PM,8,1278,Lily,Locomote,,,,
G_Gri20220812PM,Griffin,2022-08-12,PM,8,1286,Widget,Manipulate,,,,
G_Gri20220812PM,Griffin,2022-08-12,PM,8,1290,Wren,Abnormal,,,,
G_Gri20220812PM,Griffin,2022-08-12,PM,9,1445,Griffin,Locomote,,,,
G_Gri20220812PM,Griffin,2022-08-12,PM,9,1453,Lexi,Proximity,Lily,,,
G_Gri20220812PM,Griffin,2022-08-12,PM,9,1459,Lily,Locomote,,,,
G_Gri20220812PM,Griffin,2022-08-12,PM,9,1478,Widget,Forage,,,,
G_Gri20220812PM,Griffin,2022-08-12,PM,9,1492,Wren,,,,,
G_Gri20220812PM,Griffin,2022-08-12,PM,10,1627,Griffin,Proximity-Feed,Lexi,,,
G_Gri20220812PM,Griffin,2022-08-12,PM,10,1633,Lexi,Proximity,Griffin,,,
G_Gri20220812PM,Griffin,2022-08-12,PM,10,1648,Lily,,,,,
G_Gri20220812PM,Griffin,2022-08-12,PM,10,1652,Widget,Inactive,,,,
G_Gri20220812PM,Griffin,2022-08-12,PM,10,1654,Wren,Locomote,,,,
G_Gri20220812PM,Griffin,2022-08-12,PM,11,1804,Griffin,Inactive,,,,
G_Gri20220812PM,Griffin,2022-08-12,PM,11,1809,Lexi,Locomote,,,,
G_Gri20220812PM,Griffin,2022-08-12,PM,11,1812,Lily,Locomote,,,,
G_Gri20220812PM,Griffin,2022-08-12,PM,11,1823,Widget,Locomote,,,,
G_Gri20220812PM,Griffin,2022-08-12,PM,11,1825,Wren,Locomote,,,,
G_Gri20220826PM,Griffin,2022-08-26,PM,1,9,Griffin,Locomote,,,,
G_Gri20220826PM,Griffin,2022-08-26,PM,1,18,Lexi,Locomote,,,,
G_Gri20220826PM,Griffin,2022-08-26,PM,1,24,Lily,Locomote,,,,
G_Gri20220826PM,Griffin,2022-08-26,PM,1,30,Widget,Inactive,,,,
G_Gri20220826PM,Griffin,2022-08-26,PM,1,32,Wren,Locomote,,,,
G_Gri20220826PM,Griffin,2022-08-26,PM,2,186,Griffin,Locomote,,,,
G_Gri20220826PM,Griffin,2022-08-26,PM,2,195,Lexi,Solo-Feed,,,,
G_Gri20220826PM,Griffin,2022-08-26,PM,2,201,Lily,Solo-Feed,,,,
G_Gri20220826PM,Griffin,2022-08-26,PM,2,212,Widget,Inactive,,,,
G_Gri20220826PM,Griffin,2022-08-26,PM,2,218,Wren,Abnormal,,,,
G_Gri20220826PM,Griffin,2022-08-26,PM,3,368,Griffin,Solo-Feed,,,,
G_Gri20220826PM,Griffin,2022-08-26,PM,3,373,Lexi,Solo-Feed,,,,
G_Gri20220826PM,Griffin,2022-08-26,PM,3,385,Lily,Solo-Feed,,,,
G_Gri20220826PM,Griffin,2022-08-26,PM,3,391,Widget,Locomote,,,,
G_Gri20220826PM,Griffin,2022-08-26,PM,3,396,Wren,Locomote,,,,
G_Gri20220826PM,Griffin,2022-08-26,PM,4,546,Griffin,Solo-Feed,,,,
G_Gri20220826PM,Griffin,2022-08-26,PM,4,556,Lexi,Solo-Feed,,,,
G_Gri20220826PM,Griffin,2022-08-26,PM,4,562,Lily,Solo-Feed,,,,
G_Gri20220826PM,Griffin,2022-08-26,PM,4,567,Widget,Solo-Feed,,,,
G_Gri20220826PM,Griffin,2022-08-26,PM,4,572,Wren,Locomote,,,,
G_Gri20220826PM,Griffin,2022-08-26,PM,5,726,Griffin,Locomote,,,,
G_Gri20220826PM,Griffin,2022-08-26,PM,5,736,Lexi,Solo-Feed,,,,
G_Gri20220826PM,Griffin,2022-08-26,PM,5,743,Lily,Locomote,,,,
G_Gri20220826PM,Griffin,2022-08-26,PM,5,746,Widget,Locomote,,,,
G_Gri20220826PM,Griffin,2022-08-26,PM,5,748,Wren,Locomote,,,,
G_Gri20220826PM,Griffin,2022-08-26,PM,6,902,Griffin,Solo-Feed,,,,
G_Gri20220826PM,Griffin,2022-08-26,PM,6,910,Lexi,Locomote,,,,
G_Gri20220826PM,Griffin,2022-08-26,PM,6,914,Lily,Locomote,,,,
G_Gri20220826PM,Griffin,2022-08-26,PM,6,921,Widget,Locomote,,,,
G_Gri20220826PM,Griffin,2022-08-26,PM,6,925,Wren,Locomote,,,,
G_Gri20220826PM,Griffin,2022-08-26,PM,7,1085,Griffin,,,,,
G_Gri20220826PM,Griffin,2022-08-26,PM,7,1094,Lexi,Locomote,,,,
G_Gri20220826PM,Griffin,2022-08-26,PM,7,1098,Lily,Locomote,,,,
G_Gri20220826PM,Griffin,2022-08-26,PM,7,1111,Widget,Locomote,,,,
G_Gri20220826PM,Griffin,2022-08-26,PM,7,1115,Wren,Solo-Feed,,,,
G_Gri20220826PM,Griffin,2022-08-26,PM,8,1263,Griffin,Inactive,,,,
G_Gri20220826PM,Griffin,2022-08-26,PM,8,1270,Lexi,Locomote,,,,
G_Gri20220826PM,Griffin,2022-08-26,PM,8,1273,Lily,Inactive,,,,
G_Gri20220826PM,Griffin,2022-08-26,PM,8,1280,Widget,Inactive,,,,
G_Gri20220826PM,Griffin,2022-08-26,PM,8,1282,Wren,Locomote,,,,
G_Gri20220826PM,Griffin,2022-08-26,PM,9,1444,Griffin,Proximity-Feed,Wren,,,
G_Gri20220826PM,Griffin,2022-08-26,PM,9,1464,Lexi,Inactive,,,,
G_Gri20220826PM,Griffin,2022-08-26,PM,9,1478,Lily,Locomote,,,,
G_Gri20220826PM,Griffin,2022-08-26,PM,9,1482,Widget,Inactive,,,,
G_Gri20220826PM,Griffin,2022-08-26,PM,9,1486,Wren,Solo-Feed,,,,
G_Gri20220826PM,Griffin,2022-08-26,PM,10,1625,Griffin,Locomote,,,,
G_Gri20220826PM,Griffin,2022-08-26,PM,10,1634,Lexi,Locomote,,,,
G_Gri20220826PM,Griffin,2022-08-26,PM,10,1638,Lily,Inactive,,,,
G_Gri20220826PM,Griffin,2022-08-26,PM,10,1641,Widget,Inactive,,,,
G_Gri20220826PM,Griffin,2022-08-26,PM,10,1643,Wren,Locomote,,,,
G_Gri20220826PM,Griffin,2022-08-26,PM,11,1820,Griffin,Forage,,,,
G_Gri20220826PM,Griffin,2022-08-26,PM,11,1831,Lexi,Solo-Feed,,,,
G_Gri20220826PM,Griffin,2022-08-26,PM,11,1835,Lily,Locomote,,,,
G_Gri20220826PM,Griffin,2022-08-26,PM,11,1840,Widget,Inactive,,,,
G_Gri20220826PM,Griffin,2022-08-26,PM,11,1847,Wren,Locomote,,,,
G_Log20220806PM,Logan,2022-08-06,PM,1,9,Inactive,,,,,
G_Log20220806PM,Logan,2022-08-06,PM,1,14,Ivory,Inactive,,,,
G_Log20220806PM,Logan,2022-08-06,PM,1,21,Ira,Locomote,,,,
G_Log20220806PM,Logan,2022-08-06,PM,1,24,Irene,Locomote,,,,
G_Log20220806PM,Logan,2022-08-06,PM,1,28,Paddy,Proximity-Feed,Ira,,,
G_Log20220806PM,Logan,2022-08-06,PM,1,38,Ingrid,Locomote,,,,
G_Log20220806PM,Logan,2022-08-06,PM,1,177,Logan,Locomote,,,,
G_Log20220806PM,Logan,2022-08-06,PM,2,180,Ivory,Inactive,,,,
G_Log20220806PM,Logan,2022-08-06,PM,2,184,Ira,Locomote,,,,
G_Log20220806PM,Logan,2022-08-06,PM,2,187,Irene,Inactive,,,,
G_Log20220806PM,Logan,2022-08-06,PM,2,193,Paddy,,,,,
G_Log20220806PM,Logan,2022-08-06,PM,2,197,Ingrid,Locomote,,,,
G_Log20220806PM,Logan,2022-08-06,PM,3,361,Logan,Locomote,,,,
G_Log20220806PM,Logan,2022-08-06,PM,3,370,Ivory,Locomote,,,,
G_Log20220806PM,Logan,2022-08-06,PM,3,376,Ira,Solo-Feed,,,,
G_Log20220806PM,Logan,2022-08-06,PM,3,379,Irene,Solo-Feed,,,,
G_Log20220806PM,Logan,2022-08-06,PM,3,382,Paddy,Solo-Feed,,,,
G_Log20220806PM,Logan,2022-08-06,PM,3,386,Ingrid,Solo-Feed,,,,
G_Log20220806PM,Logan,2022-08-06,PM,4,546,Logan,Solo-Feed,,,,
G_Log20220806PM,Logan,2022-08-06,PM,4,562,Ivory,Proximity-Feed,Ira,,,
G_Log20220806PM,Logan,2022-08-06,PM,4,565,Ira,Proximity-Feed,Ivory,,,
G_Log20220806PM,Logan,2022-08-06,PM,4,568,Irene,Solo-Feed,,,,
G_Log20220806PM,Logan,2022-08-06,PM,4,574,Paddy,Inactive,,,,
G_Log20220806PM,Logan,2022-08-06,PM,4,576,Ingrid,Solo-Feed,,,,
G_Log20220806PM,Logan,2022-08-06,PM,5,723,Logan,Inactive,,,,
G_Log20220806PM,Logan,2022-08-06,PM,5,727,Ivory,Inactive,,,,
G_Log20220806PM,Logan,2022-08-06,PM,5,735,Ira,Inactive,,,,
G_Log20220806PM,Logan,2022-08-06,PM,5,738,Irene,Inactive,,,,
G_Log20220806PM,Logan,2022-08-06,PM,5,746,Paddy,Inactive,,,,
G_Log20220806PM,Logan,2022-08-06,PM,5,751,Ingrid,Locomote,,,,
G_Log20220806PM,Logan,2022-08-06,PM,6,902,Logan,Locomote,,,,
G_Log20220806PM,Logan,2022-08-06,PM,6,908,Ivory,Inactive,,,,
G_Log20220806PM,Logan,2022-08-06,PM,6,913,Ira,Proximity,Logan,,,
G_Log20220806PM,Logan,2022-08-06,PM,6,917,Irene,Solo-Feed,,,,
G_Log20220806PM,Logan,2022-08-06,PM,6,924,Paddy,Solo-Feed,,,,
G_Log20220806PM,Logan,2022-08-06,PM,6,928,Ingrid,Solo-Feed,,,,
G_Log20220806PM,Logan,2022-08-06,PM,7,1085,Logan,Locomote,,,,
G_Log20220806PM,Logan,2022-08-06,PM,7,1089,Ivory,Locomote,,,,
G_Log20220806PM,Logan,2022-08-06,PM,7,1101,Ira,Inactive,,,,
G_Log20220806PM,Logan,2022-08-06,PM,7,1105,Irene,Locomote,,,,
G_Log20220806PM,Logan,2022-08-06,PM,7,1108,Paddy,Inactive,,,,
G_Log20220806PM,Logan,2022-08-06,PM,7,1111,Ingrid,Solo-Feed,,,,
G_Log20220806PM,Logan,2022-08-06,PM,8,1270,Logan,Locomote,,,,
G_Log20220806PM,Logan,2022-08-06,PM,8,1280,Inactive,,,,,
G_Log20220806PM,Logan,2022-08-06,PM,8,1281,Ira,Inactive,,,,
G_Log20220806PM,Logan,2022-08-06,PM,8,1286,Irene,Manipulate,,,,
G_Log20220806PM,Logan,2022-08-06,PM,8,1290,Paddy,Inactive,,,,
G_Log20220806PM,Logan,2022-08-06,PM,8,1296,Ingrid,Inactive,,,,
G_Log20220806PM,Logan,2022-08-06,PM,9,1440,Logan,Locomote,,,,
G_Log20220806PM,Logan,2022-08-06,PM,9,1445,Ivory,Locomote,,,,
G_Log20220806PM,Logan,2022-08-06,PM,9,1447,Ira,Solo-Feed,,,,
G_Log20220806PM,Logan,2022-08-06,PM,9,1453,Irene,Inactive,,,,
G_Log20220806PM,Logan,2022-08-06,PM,9,1456,Paddy,Inactive,,,,
G_Log20220806PM,Logan,2022-08-06,PM,9,1458,Ingrid,Solo-Feed,,,,
G_Log20220806PM,Logan,2022-08-06,PM,10,1622,Logan,Locomote,,,,
G_Log20220806PM,Logan,2022-08-06,PM,10,1626,Ivory,Proximity-Feed,Ira,,,
G_Log20220806PM,Logan,2022-08-06,PM,10,1630,Ira,Proximity-Feed,Ivory,,,
G_Log20220806PM,Logan,2022-08-06,PM,10,1634,Irene,Solo-Feed,,,,
G_Log20220806PM,Logan,2022-08-06,PM,10,1640,Paddy,Proximity,Logan,,,
G_Log20220806PM,Logan,2022-08-06,PM,10,1642,Ingrid,Solo-Feed,,,,
G_Log20220806PM,Logan,2022-08-06,PM,11,1802,Logan,Proximity-Feed,Ira,,,
G_Log20220806PM,Logan,2022-08-06,PM,11,1805,Ira,Proximity-Feed,Logan,,,
G_Log20220806PM,Logan,2022-08-06,PM,11,1812,Ivory,Solo-Feed,,,,
G_Log20220806PM,Logan,2022-08-06,PM,11,1818,Irene,Solo-Feed,,,,
G_Log20220806PM,Logan,2022-08-06,PM,11,1824,Paddy,Locomote,,,,
G_Log20220806PM,Logan,2022-08-06,PM,11,1829,Ingrid,Solo-Feed,,,,
G_Mas20220812PM,Mason,2022-08-12,PM,1,0,Mason,Solo-Feed,,,,
G_Mas20220812PM,Mason,2022-08-12,PM,1,13,Scarlett,Forage,,,,
G_Mas20220812PM,Mason,2022-08-12,PM,1,30,Benny,Solo-Feed,,,,
G_Mas20220812PM,Mason,2022-08-12,PM,1,35,Bias,Forage,,,,
G_Mas20220812PM,Mason,2022-08-12,PM,1,38,Bailey,Inactive,,,,
G_Mas20220812PM,Mason,2022-08-12,PM,1,42,Beeker,Solo-Feed,,,,
G_Mas20220812PM,Mason,2022-08-12,PM,1,47,Gonzo,Locomote,,,,
G_Mas20220812PM,Mason,2022-08-12,PM,1,52,Gretel,,,,,
G_Mas20220812PM,Mason,2022-08-12,PM,2,185,Mason,Solo-Feed,,,,
G_Mas20220812PM,Mason,2022-08-12,PM,2,192,Scarlett,Locomote,,,,
G_Mas20220812PM,Mason,2022-08-12,PM,2,222,Benny,Solo-Feed,,,,
G_Mas20220812PM,Mason,2022-08-12,PM,2,227,Bias,Locomote,,,,
G_Mas20220812PM,Mason,2022-08-12,PM,2,235,Bailey,Solo-Feed,,,,
G_Mas20220812PM,Mason,2022-08-12,PM,2,238,Beeker,Locomote,,,,
G_Mas20220812PM,Mason,2022-08-12,PM,2,248,Gonzo,Solo-Feed,,,,
G_Mas20220812PM,Mason,2022-08-12,PM,2,255,Gretel,Locomote,,,,
G_Mas20220812PM,Mason,2022-08-12,PM,3,364,Mason,Proximity-Feed,Benny,,,
G_Mas20220812PM,Mason,2022-08-12,PM,3,394,Scarlett,Solo-Feed,,,,
G_Mas20220812PM,Mason,2022-08-12,PM,3,412,Benny,Proximity-Feed,Mason,,,
G_Mas20220812PM,Mason,2022-08-12,PM,3,428,Bias,Forage,,,,
G_Mas20220812PM,Mason,2022-08-12,PM,3,432,Bailey,Locomote,,,,
G_Mas20220812PM,Mason,2022-08-12,PM,3,443,Beeker,Solo-Feed,,,,
G_Mas20220812PM,Mason,2022-08-12,PM,3,447,Gonzo,Solo-Feed,,,,
G_Mas20220812PM,Mason,2022-08-12,PM,3,451,Gretel,Proximity-Feed,Benny,,,
G_Mas20220812PM,Mason,2022-08-12,PM,4,545,Mason,Locomote,,,,
G_Mas20220812PM,Mason,2022-08-12,PM,4,551,Scarlett,Locomote,,,,
G_Mas20220812PM,Mason,2022-08-12,PM,4,573,Benny,,,,,
G_Mas20220812PM,Mason,2022-08-12,PM,4,576,Bias,Forage,,,,
G_Mas20220812PM,Mason,2022-08-12,PM,4,582,Bailey,Locomote,,,,
G_Mas20220812PM,Mason,2022-08-12,PM,4,585,Beeker,Inactive,,,,
G_Mas20220812PM,Mason,2022-08-12,PM,4,590,Gonzo,Solo-Feed,,,,
G_Mas20220812PM,Mason,2022-08-12,PM,4,597,Gretel,Solo-Feed,,,,
G_Mas20220812PM,Mason,2022-08-12,PM,5,723,Mason,Locomote,,,,
G_Mas20220812PM,Mason,2022-08-12,PM,5,735,Scarlett,Inactive,,,,
G_Mas20220812PM,Mason,2022-08-12,PM,5,766,Benny,Solo-Feed,,,,
G_Mas20220812PM,Mason,2022-08-12,PM,5,780,Bias,Locomote,,,,
G_Mas20220812PM,Mason,2022-08-12,PM,5,786,Bailey,Inactive,,,,
G_Mas20220812PM,Mason,2022-08-12,PM,5,791,Beeker,Solo-Feed,,,,
G_Mas20220812PM,Mason,2022-08-12,PM,5,797,Gonzo,Solo-Feed,,,,
G_Mas20220812PM,Mason,2022-08-12,PM,5,804,Gretel,Solo-Feed,,,,
G_Mas20220812PM,Mason,2022-08-12,PM,6,901,Mason,Proximity-Feed,Benny,,,
G_Mas20220812PM,Mason,2022-08-12,PM,6,925,Scarlett,Solo-Feed,,,,
G_Mas20220812PM,Mason,2022-08-12,PM,6,931,Benny,Proximity-Feed,Mason,,,
G_Mas20220812PM,Mason,2022-08-12,PM,6,936,Bias,Forage,,,,
G_Mas20220812PM,Mason,2022-08-12,PM,6,945,Bailey,Inactive,,,,
G_Mas20220812PM,Mason,2022-08-12,PM,6,950,Beeker,Solo-Feed,,,,
G_Mas20220812PM,Mason,2022-08-12,PM,6,956,Gonzo,Solo-Feed,,,,
G_Mas20220812PM,Mason,2022-08-12,PM,6,964,Gretel,Solo-Feed,,,,
G_Mas20220812PM,Mason,2022-08-12,PM,7,1082,Mason,Solo-Feed,,,,
G_Mas20220812PM,Mason,2022-08-12,PM,7,1093,Scarlett,Locomote,Benny,Inactive,,
G_Mas20220812PM,Mason,2022-08-12,PM,7,1110,Bias,Inactive,,,,
G_Mas20220812PM,Mason,2022-08-12,PM,7,1116,Bailey,Inactive,,,,
G_Mas20220812PM,Mason,2022-08-12,PM,7,1123,Beeker,Solo-Feed,,,,
G_Mas20220812PM,Mason,2022-08-12,PM,7,1132,Gonzo,Forage,,,,
G_Mas20220812PM,Mason,2022-08-12,PM,7,1140,Gretel,Solo-Feed,,,,
G_Mas20220812PM,Mason,2022-08-12,PM,8,1263,Mason,Solo-Feed,,,,
G_Mas20220812PM,Mason,2022-08-12,PM,8,1274,Scarlett,Locomote,,,,
G_Mas20220812PM,Mason,2022-08-12,PM,8,1286,Benny,Proximity-Feed,Mason,,,
G_Mas20220812PM,Mason,2022-08-12,PM,8,1295,Bias,Solo-Feed,,,,
G_Mas20220812PM,Mason,2022-08-12,PM,8,1303,Bailey,Inactive,,,,
G_Mas20220812PM,Mason,2022-08-12,PM,8,1309,Beeker,Locomote,,,,
G_Mas20220812PM,Mason,2022-08-12,PM,8,1317,Gonzo,Solo-Feed,,,,
G_Mas20220812PM,Mason,2022-08-12,PM,8,1327,Gretel,Solo-Feed,,,,
G_Mas20220812PM,Mason,2022-08-12,PM,9,1441,Mason,Proximity-Feed,Benny,,,
G_Mas20220812PM,Mason,2022-08-12,PM,9,1457,Scarlett,Inactive,,,,
G_Mas20220812PM,Mason,2022-08-12,PM,9,1461,Benny,Proximity-Feed,Mason,,,
G_Mas20220812PM,Mason,2022-08-12,PM,9,1466,Bias,Solo-Feed,,,,
G_Mas20220812PM,Mason,2022-08-12,PM,9,1473,Bailey,Proximity-Feed,Gretel,,,
G_Mas20220812PM,Mason,2022-08-12,PM,9,1492,Beeker,Locomote,,,,
G_Mas20220812PM,Mason,2022-08-12,PM,9,1496,Gonzo,Solo-Feed,,,,
G_Mas20220812PM,Mason,2022-08-12,PM,9,1508,Gretel,Solo-Feed,,,,
G_Mas20220812PM,Mason,2022-08-12,PM,10,1629,Mason,Proximity-Feed,Benny,,,
G_Mas20220812PM,Mason,2022-08-12,PM,10,1634,Scarlett,Inactive,,,,
G_Mas20220812PM,Mason,2022-08-12,PM,10,1638,Benny,Proximity-Feed,Mason,,,
G_Mas20220812PM,Mason,2022-08-12,PM,10,1642,Bias,Forage,,,,
G_Mas20220812PM,Mason,2022-08-12,PM,10,1663,Bailey,Inactive,,,,
G_Mas20220812PM,Mason,2022-08-12,PM,10,1668,Beeker,Inactive,,,,
G_Mas20220812PM,Mason,2022-08-12,PM,10,1686,Gonzo,Solo-Feed,,,,
G_Mas20220812PM,Mason,2022-08-12,PM,10,1692,Gretel,Solo-Feed,,,,
G_Mas20220812PM,Mason,2022-08-12,PM,11,1807,Mason,Locomote,,,,
G_Mas20220812PM,Mason,2022-08-12,PM,11,1811,Scarlett,Locomote,,,,
G_Mas20220812PM,Mason,2022-08-12,PM,11,1815,Benny,Locomote,,,,
G_Mas20220812PM,Mason,2022-08-12,PM,11,1819,Bias,Forage,,,,
G_Mas20220812PM,Mason,2022-08-12,PM,11,1826,Bailey,Solo-Feed,,,,
G_Mas20220812PM,Mason,2022-08-12,PM,11,1831,Beeker,Solo-Feed,,,,
G_Mas20220812PM,Mason,2022-08-12,PM,11,1840,Gonzo,Inactive,,,,
G_Mas20220812PM,Mason,2022-08-12,PM,11,1845,Gretel,Inactive,,,,
G_Mas20220825PM,Mason,2022-08-25,PM,1,6,Mason,Solo-Feed,,,,
G_Mas20220825PM,Mason,2022-08-25,PM,1,25,Scarlett,Proximity-Feed,Mason,,,
G_Mas20220825PM,Mason,2022-08-25,PM,1,39,Benny,Solo-Feed,,,,
G_Mas20220825PM,Mason,2022-08-25,PM,1,50,Bias,Forage,,,,
G_Mas20220825PM,Mason,2022-08-25,PM,1,58,Bailey,Locomote,,,,
G_Mas20220825PM,Mason,2022-08-25,PM,1,66,Beeker,Locomote,,,,
G_Mas20220825PM,Mason,2022-08-25,PM,1,70,Gonzo,Solo-Feed,,,,
G_Mas20220825PM,Mason,2022-08-25,PM,1,75,Gretel,Locomote,,,,
G_Mas20220825PM,Mason,2022-08-25,PM,2,182,Mason,Solo-Feed,,,,
G_Mas20220825PM,Mason,2022-08-25,PM,2,214,Scarlett,Solo-Feed,,,,
G_Mas20220825PM,Mason,2022-08-25,PM,2,218,Benny,Solo-Feed,,,,
G_Mas20220825PM,Mason,2022-08-25,PM,2,225,Bias,Inactive,,,,
G_Mas20220825PM,Mason,2022-08-25,PM,2,240,Bailey,Solo-Feed,,,,
G_Mas20220825PM,Mason,2022-08-25,PM,2,250,Beeker,Locomote,,,,
G_Mas20220825PM,Mason,2022-08-25,PM,2,254,Gonzo,Inactive,,,,
G_Mas20220825PM,Mason,2022-08-25,PM,2,261,Gretel,Locomote,,,,
G_Mas20220825PM,Mason,2022-08-25,PM,3,364,Mason,Proximity,Scarlett,,,
G_Mas20220825PM,Mason,2022-08-25,PM,3,368,Scarlett,Proximity,Mason,,,
G_Mas20220825PM,Mason,2022-08-25,PM,3,371,Benny,Solo-Feed,,,,
G_Mas20220825PM,Mason,2022-08-25,PM,3,384,Bias,Locomote,,,,
G_Mas20220825PM,Mason,2022-08-25,PM,3,393,Bailey,Locomote,,,,
G_Mas20220825PM,Mason,2022-08-25,PM,3,396,Beeker,Locomote,,,,
G_Mas20220825PM,Mason,2022-08-25,PM,3,398,Gonzo,Solo-Feed,,,,
G_Mas20220825PM,Mason,2022-08-25,PM,3,445,Gretel,Inactive,,,,
G_Mas20220825PM,Mason,2022-08-25,PM,4,543,Mason,Solo-Feed,,,,
G_Mas20220825PM,Mason,2022-08-25,PM,4,550,Scarlett,Solo-Feed,,,,
G_Mas20220825PM,Mason,2022-08-25,PM,4,553,Benny,Solo-Feed,,,,
G_Mas20220825PM,Mason,2022-08-25,PM,4,559,Bias,Forage,,,,
G_Mas20220825PM,Mason,2022-08-25,PM,4,575,Bailey,Solo-Feed,,,,
G_Mas20220825PM,Mason,2022-08-25,PM,4,587,Beeker,Locomote,,,,
G_Mas20220825PM,Mason,2022-08-25,PM,4,589,Gonzo,Solo-Feed,,,,
G_Mas20220825PM,Mason,2022-08-25,PM,4,602,Gretel,Inactive,,,,
G_Mas20220825PM,Mason,2022-08-25,PM,5,733,Mason,Solo-Feed,,,,
G_Mas20220825PM,Mason,2022-08-25,PM,5,740,Scarlett,Solo-Feed,,,,
G_Mas20220825PM,Mason,2022-08-25,PM,5,744,Benny,Inactive,,,,
G_Mas20220825PM,Mason,2022-08-25,PM,5,749,Bias,Locomote,,,,
G_Mas20220825PM,Mason,2022-08-25,PM,5,755,Bailey,Locomote,,,,
G_Mas20220825PM,Mason,2022-08-25,PM,5,759,Beeker,Locomote,,,,
G_Mas20220825PM,Mason,2022-08-25,PM,5,762,Gonzo,Solo-Feed,,,,
G_Mas20220825PM,Mason,2022-08-25,PM,5,775,Gretel,Inactive,,,,
G_Mas20220825PM,Mason,2022-08-25,PM,6,976,Mason,Proximity,Scarlett,,,
G_Mas20220825PM,Mason,2022-08-25,PM,6,981,Scarlett,Proximity,Mason,,,
G_Mas20220825PM,Mason,2022-08-25,PM,6,985,Benny,Inactive,,,,
G_Mas20220825PM,Mason,2022-08-25,PM,6,989,Bias,Inactive,,,,
G_Mas20220825PM,Mason,2022-08-25,PM,6,996,Bailey,Inactive,,,,
G_Mas20220825PM,Mason,2022-08-25,PM,6,1002,Beeker,Locomote,,,,
G_Mas20220825PM,Mason,2022-08-25,PM,6,1004,Gonzo,,,,,
G_Mas20220825PM,Mason,2022-08-25,PM,6,1008,Gretel,Locomote,,,,
G_Mas20220825PM,Mason,2022-08-25,PM,7,1083,Mason,Solo-Feed,,,,
G_Mas20220825PM,Mason,2022-08-25,PM,7,1098,Scarlett,Solo-Feed,,,,
G_Mas20220825PM,Mason,2022-08-25,PM,7,1109,Benny,Locomote,,,,
G_Mas20220825PM,Mason,2022-08-25,PM,7,1112,Bias,Locomote,,,,
G_Mas20220825PM,Mason,2022-08-25,PM,7,1113,Bailey,Locomote,,,,
G_Mas20220825PM,Mason,2022-08-25,PM,7,1123,Beeker,Locomote,,,,
G_Mas20220825PM,Mason,2022-08-25,PM,7,1127,Gonzo,Inactive,,,,
G_Mas20220825PM,Mason,2022-08-25,PM,7,1149,Gretel,Inactive,,,,
G_Mas20220825PM,Mason,2022-08-25,PM,8,1267,Mason,Locomote,,,,
G_Mas20220825PM,Mason,2022-08-25,PM,8,1270,Benny,Locomote,,,,
G_Mas20220825PM,Mason,2022-08-25,PM,8,1275,Scarlett,Locomote,,,,
G_Mas20220825PM,Mason,2022-08-25,PM,8,1277,Bias,Inactive,,,,
G_Mas20220825PM,Mason,2022-08-25,PM,8,1306,Bailey,Inactive,,,,
G_Mas20220825PM,Mason,2022-08-25,PM,8,1311,Beeker,Locomote,,,,
G_Mas20220825PM,Mason,2022-08-25,PM,8,1313,Gonzo,Locomote,,,,
G_Mas20220825PM,Mason,2022-08-25,PM,8,1315,Gretel,Locomote,,,,
G_Mas20220825PM,Mason,2022-08-25,PM,9,1445,Mason,Solo-Feed,,,,
G_Mas20220825PM,Mason,2022-08-25,PM,9,1452,Scarlett,Solo-Feed,,,,
G_Mas20220825PM,Mason,2022-08-25,PM,9,1456,Benny,Solo-Feed,,,,
G_Mas20220825PM,Mason,2022-08-25,PM,9,1461,Bias,Forage,,,,
G_Mas20220825PM,Mason,2022-08-25,PM,9,1477,Beeker,Solo-Feed,,,,
G_Mas20220825PM,Mason,2022-08-25,PM,9,1483,Gonzo,Solo-Feed,,,,
G_Mas20220825PM,Mason,2022-08-25,PM,9,1489,Bailey,Inactive,,,,
G_Mas20220825PM,Mason,2022-08-25,PM,9,1500,Gretel,Locomote,,,,
G_Mas20220825PM,Mason,2022-08-25,PM,10,1622,Mason,Locomote,,,,
G_Mas20220825PM,Mason,2022-08-25,PM,10,1626,Scarlett,Inactive,,,,
G_Mas20220825PM,Mason,2022-08-25,PM,10,1632,Benny,Solo-Feed,,,,
G_Mas20220825PM,Mason,2022-08-25,PM,10,1655,Bias,Solo-Feed,,,,
G_Mas20220825PM,Mason,2022-08-25,PM,10,1669,Bailey,Inactive,,,,
G_Mas20220825PM,Mason,2022-08-25,PM,10,1676,Beeker,Proximity,Gonzo,,,
G_Mas20220825PM,Mason,2022-08-25,PM,10,1678,Gonzo,Proximity,Beeker,,,
G_Mas20220825PM,Mason,2022-08-25,PM,10,1680,Gretel,Solo-Feed,,,,
G_Mas20220825PM,Mason,2022-08-25,PM,10,1708,Benny,Mason,Locomote,,,
G_Mas20220825PM,Mason,2022-08-25,PM,11,1816,Scarlett,Inactive,,,,
G_Mas20220825PM,Mason,2022-08-25,PM,11,1819,Benny,Solo-Feed,,,,
G_Mas20220825PM,Mason,2022-08-25,PM,11,1823,Bias,Locomote,,,,
G_Mas20220825PM,Mason,2022-08-25,PM,11,1829,Bailey,Solo-Feed,,,,
G_Mas20220825PM,Mason,2022-08-25,PM,11,1834,Beeker,Locomote,,,,
G_Mas20220825PM,Mason,2022-08-25,PM,11,1839,Gonzo,Solo-Feed,,,,
G_Mas20220825PM,Mason,2022-08-25,PM,11,1850,Gretel,Locomote,,,,
