ObID,Group,Date,AMPM,Scan,TimeInSec,IndividualA,Behavior,IndividualB
G_Gab20220406AM,Gabe,2022-04-06,AM,1,2,Gabe,Locomote,
G_Gab20220406AM,Gabe,2022-04-06,AM,1,6,Isabelle,Locomote,
G_Gab20220406AM,Gabe,2022-04-06,AM,1,10,Apple,,
G_Gab20220406AM,Gabe,2022-04-06,AM,1,12,Atilla,Locomote,
G_Gab20220406AM,Gabe,2022-04-06,AM,2,184,Gabe,Inactive,
G_Gab20220406AM,Gabe,2022-04-06,AM,2,186,Isabelle,Locomote,
G_Gab20220406AM,Gabe,2022-04-06,AM,2,194,Apple,Locomote,
G_Gab20220406AM,Gabe,2022-04-06,AM,2,196,Atilla,Locomote,
G_Gab20220406AM,Gabe,2022-04-06,AM,3,370,Gabe,Inactive,
G_Gab20220406AM,Gabe,2022-04-06,AM,3,372,Isabelle,Locomote,
G_Gab20220406AM,Gabe,2022-04-06,AM,3,374,Apple,Locomote,
G_Gab20220406AM,Gabe,2022-04-06,AM,3,376,Atilla,Locomote,
G_Gab20220406AM,Gabe,2022-04-06,AM,4,549,Gabe,Inactive,
G_Gab20220406AM,Gabe,2022-04-06,AM,4,550,Isabelle,Inactive,
G_Gab20220406AM,Gabe,2022-04-06,AM,4,553,Apple,Locomote,
G_Gab20220406AM,Gabe,2022-04-06,AM,4,555,Atilla,,
G_Gab20220406AM,Gabe,2022-04-06,AM,5,725,Gabe,Groom,Gabe
G_Gab20220406AM,Gabe,2022-04-06,AM,5,728,Isabelle,Inactive,
G_Gab20220406AM,Gabe,2022-04-06,AM,5,733,Apple,Sexual,Inter-G
G_Gab20220406AM,Gabe,2022-04-06,AM,5,736,Atilla,Locomote,
G_Gab20220406AM,Gabe,2022-04-06,AM,6,908,Gabe,Locomote,
G_Gab20220406AM,Gabe,2022-04-06,AM,6,913,Isabelle,Inactive,
G_Gab20220406AM,Gabe,2022-04-06,AM,6,915,Apple,Locomote,
G_Gab20220406AM,Gabe,2022-04-06,AM,6,916,Atilla,Locomote,
G_Gab20220406AM,Gabe,2022-04-06,AM,7,1083,Gabe,Locomote,
G_Gab20220406AM,Gabe,2022-04-06,AM,7,1086,Isabelle,Locomote,
G_Gab20220406AM,Gabe,2022-04-06,AM,7,1088,Apple,Locomote,
G_Gab20220406AM,Gabe,2022-04-06,AM,7,1090,Atilla,Locomote,
G_Gab20220406AM,Gabe,2022-04-06,AM,8,1263,Gabe,,
G_Gab20220406AM,Gabe,2022-04-06,AM,8,1265,Isabelle,Locomote,
G_Gab20220406AM,Gabe,2022-04-06,AM,8,1268,Apple,Inactive,
G_Gab20220406AM,Gabe,2022-04-06,AM,8,1270,Atilla,Locomote,
G_Gab20220406AM,Gabe,2022-04-06,AM,9,1443,Gabe,,
G_Gab20220406AM,Gabe,2022-04-06,AM,9,1445,Isabelle,Locomote,
G_Gab20220406AM,Gabe,2022-04-06,AM,9,1449,Apple,Locomote,
G_Gab20220406AM,Gabe,2022-04-06,AM,9,1451,Atilla,Locomote,
G_Gab20220406AM,Gabe,2022-04-06,AM,10,1622,Gabe,Inactive,
G_Gab20220406AM,Gabe,2022-04-06,AM,10,1627,Isabelle,Locomote,
G_Gab20220406AM,Gabe,2022-04-06,AM,10,1629,Apple,Inactive,
G_Gab20220406AM,Gabe,2022-04-06,AM,10,1631,Atilla,Locomote,
G_Gab20220406AM,Gabe,2022-04-06,AM,11,1802,Gabe,Inactive,
G_Gab20220406AM,Gabe,2022-04-06,AM,11,1805,Isabelle,Locomote,
G_Gab20220406AM,Gabe,2022-04-06,AM,11,1806,Apple,Locomote,
G_Gab20220406AM,Gabe,2022-04-06,AM,11,1808,Atilla,Locomote,
G_Gab20220413AM,Gabe,2022-04-13,AM,1,1,Gabe,Inactive,
G_Gab20220413AM,Gabe,2022-04-13,AM,1,4,Isabelle,,
G_Gab20220413AM,Gabe,2022-04-13,AM,1,7,Apple,Locomote,
G_Gab20220413AM,Gabe,2022-04-13,AM,1,11,Atilla,Locomote,
G_Gab20220413AM,Gabe,2022-04-13,AM,2,181,Gabe,Groom,Gabe
G_Gab20220413AM,Gabe,2022-04-13,AM,2,184,Isabelle,Inactive,
G_Gab20220413AM,Gabe,2022-04-13,AM,2,188,Apple,Inactive,
G_Gab20220413AM,Gabe,2022-04-13,AM,2,191,Atilla,Inactive,
G_Gab20220413AM,Gabe,2022-04-13,AM,3,362,Gabe,Contact,Apple
G_Gab20220413AM,Gabe,2022-04-13,AM,3,366,Isabelle,Inactive,
G_Gab20220413AM,Gabe,2022-04-13,AM,3,367,Apple,Groom,Gabe
G_Gab20220413AM,Gabe,2022-04-13,AM,3,370,Atilla,Locomote,
G_Gab20220413AM,Gabe,2022-04-13,AM,4,545,Gabe,Inactive,
G_Gab20220413AM,Gabe,2022-04-13,AM,4,552,Isabelle,Groom,Isabelle
G_Gab20220413AM,Gabe,2022-04-13,AM,4,554,Apple,Inactive,
G_Gab20220413AM,Gabe,2022-04-13,AM,4,556,Atilla,Locomote,
G_Gab20220413AM,Gabe,2022-04-13,AM,5,723,Gabe,Groom,Gabe
G_Gab20220413AM,Gabe,2022-04-13,AM,5,727,Isabelle,Locomote,
G_Gab20220413AM,Gabe,2022-04-13,AM,5,740,Apple,Inactive,
G_Gab20220413AM,Gabe,2022-04-13,AM,5,743,Atilla,Locomote,
G_Gab20220413AM,Gabe,2022-04-13,AM,6,904,Gabe,Locomote,
G_Gab20220413AM,Gabe,2022-04-13,AM,6,907,Isabelle,Locomote,
G_Gab20220413AM,Gabe,2022-04-13,AM,6,912,Apple,Locomote,
G_Gab20220413AM,Gabe,2022-04-13,AM,6,914,Atilla,Locomote,
G_Gab20220413AM,Gabe,2022-04-13,AM,7,1087,Gabe,Inactive,
G_Gab20220413AM,Gabe,2022-04-13,AM,7,1091,Isabelle,Groom,Isabelle
G_Gab20220413AM,Gabe,2022-04-13,AM,7,1093,Apple,Inactive,
G_Gab20220413AM,Gabe,2022-04-13,AM,7,1095,Atilla,Locomote,
G_Gab20220413AM,Gabe,2022-04-13,AM,8,1267,Gabe,Inactive,
G_Gab20220413AM,Gabe,2022-04-13,AM,8,1270,Isabelle,Inactive,
G_Gab20220413AM,Gabe,2022-04-13,AM,8,1272,Apple,Inactive,
G_Gab20220413AM,Gabe,2022-04-13,AM,8,1275,Atilla,Locomote,
G_Gab20220413AM,Gabe,2022-04-13,AM,9,1445,Gabe,Inactive,
G_Gab20220413AM,Gabe,2022-04-13,AM,9,1447,Isabelle,,
G_Gab20220413AM,Gabe,2022-04-13,AM,9,1449,Apple,Inactive,
G_Gab20220413AM,Gabe,2022-04-13,AM,9,1452,Atilla,Groom,Atilla
G_Gab20220413AM,Gabe,2022-04-13,AM,10,1624,Gabe,Groom,Gabe
G_Gab20220413AM,Gabe,2022-04-13,AM,10,1627,Isabelle,Inactive,
G_Gab20220413AM,Gabe,2022-04-13,AM,10,1632,Apple,,
G_Gab20220413AM,Gabe,2022-04-13,AM,10,1634,Atilla,Locomote,
G_Gab20220413AM,Gabe,2022-04-13,AM,11,1802,Gabe,,
G_Gab20220413AM,Gabe,2022-04-13,AM,11,1805,Isabelle,Locomote,
G_Gab20220413AM,Gabe,2022-04-13,AM,11,1808,Apple,Inactive,
G_Gab20220413AM,Gabe,2022-04-13,AM,11,1809,Atilla,Locomote,
G_Gab20220414AM,Gabe,2022-04-14,AM,1,8,Gabe,Locomote,
G_Gab20220414AM,Gabe,2022-04-14,AM,1,10,Isabelle,Locomote,
G_Gab20220414AM,Gabe,2022-04-14,AM,1,12,Apple,Locomote,
G_Gab20220414AM,Gabe,2022-04-14,AM,1,13,Atilla,Locomote,
G_Gab20220414AM,Gabe,2022-04-14,AM,2,189,Gabe,Inactive,
G_Gab20220414AM,Gabe,2022-04-14,AM,2,192,Isabelle,Locomote,
G_Gab20220414AM,Gabe,2022-04-14,AM,2,195,Apple,Locomote,
G_Gab20220414AM,Gabe,2022-04-14,AM,2,196,Atilla,Locomote,
G_Gab20220414AM,Gabe,2022-04-14,AM,3,374,Gabe,Inactive,
G_Gab20220414AM,Gabe,2022-04-14,AM,3,375,Isabelle,Proximity,Apple
G_Gab20220414AM,Gabe,2022-04-14,AM,3,377,Apple,Proximity,Isabelle
G_Gab20220414AM,Gabe,2022-04-14,AM,3,380,Atilla,Locomote,
G_Gab20220414AM,Gabe,2022-04-14,AM,4,558,Gabe,Inactive,
G_Gab20220414AM,Gabe,2022-04-14,AM,4,562,Isabelle,Inactive,
G_Gab20220414AM,Gabe,2022-04-14,AM,4,564,Apple,Locomote,
G_Gab20220414AM,Gabe,2022-04-14,AM,4,565,Atilla,Locomote,
G_Gab20220414AM,Gabe,2022-04-14,AM,5,730,Gabe,Groom,Gabe
G_Gab20220414AM,Gabe,2022-04-14,AM,5,736,Isabelle,Locomote,
G_Gab20220414AM,Gabe,2022-04-14,AM,5,738,Apple,Locomote,
G_Gab20220414AM,Gabe,2022-04-14,AM,5,740,Atilla,Locomote,
G_Gab20220414AM,Gabe,2022-04-14,AM,6,905,Gabe,Groom,Gabe
G_Gab20220414AM,Gabe,2022-04-14,AM,6,910,Isabelle,,
G_Gab20220414AM,Gabe,2022-04-14,AM,6,912,Apple,Inactive,
G_Gab20220414AM,Gabe,2022-04-14,AM,6,913,Atilla,Locomote,
G_Gab20220414AM,Gabe,2022-04-14,AM,7,1087,Gabe,Inactive,
G_Gab20220414AM,Gabe,2022-04-14,AM,7,1090,Isabelle,Locomote,
G_Gab20220414AM,Gabe,2022-04-14,AM,7,1092,Apple,Locomote,
G_Gab20220414AM,Gabe,2022-04-14,AM,7,1094,Atilla,Inactive,
G_Gab20220414AM,Gabe,2022-04-14,AM,8,1273,Gabe,Inactive,
G_Gab20220414AM,Gabe,2022-04-14,AM,8,1275,Isabelle,Locomote,
G_Gab20220414AM,Gabe,2022-04-14,AM,8,1279,Apple,Locomote,
G_Gab20220414AM,Gabe,2022-04-14,AM,8,1280,Atilla,Locomote,
G_Gab20220414AM,Gabe,2022-04-14,AM,9,1444,Gabe,Proximity,Isabelle
G_Gab20220414AM,Gabe,2022-04-14,AM,9,1446,Isabelle,Proximity,Gabe
G_Gab20220414AM,Gabe,2022-04-14,AM,9,1449,Apple,Locomote,
G_Gab20220414AM,Gabe,2022-04-14,AM,9,1449,Atilla,Locomote,
G_Gab20220414AM,Gabe,2022-04-14,AM,10,1623,Gabe,Inactive,
G_Gab20220414AM,Gabe,2022-04-14,AM,10,1626,Isabelle,Locomote,
G_Gab20220414AM,Gabe,2022-04-14,AM,10,1628,Apple,,
G_Gab20220414AM,Gabe,2022-04-14,AM,10,1630,Atilla,Locomote,
G_Gab20220414AM,Gabe,2022-04-14,AM,11,1808,Gabe,Locomote,
G_Gab20220414AM,Gabe,2022-04-14,AM,11,1810,Isabelle,Locomote,
G_Gab20220414AM,Gabe,2022-04-14,AM,11,1811,Apple,Inactive,
G_Gab20220414AM,Gabe,2022-04-14,AM,11,1812,Atilla,,
G_Gab20220419PM,Gabe,2022-04-19,PM,1,7,Gabe,Proximity-Feed,Isabelle
G_Gab20220419PM,Gabe,2022-04-19,PM,1,11,Isabelle,Proximity-Feed,Gabe
G_Gab20220419PM,Gabe,2022-04-19,PM,1,17,Apple,Solo-Feed,
G_Gab20220419PM,Gabe,2022-04-19,PM,1,24,Atilla,Locomote,
G_Gab20220419PM,Gabe,2022-04-19,PM,2,184,Gabe,Locomote,
G_Gab20220419PM,Gabe,2022-04-19,PM,2,186,Isabelle,Forage,
G_Gab20220419PM,Gabe,2022-04-19,PM,2,190,Apple,Solo-Feed,
G_Gab20220419PM,Gabe,2022-04-19,PM,2,193,Atilla,Locomote,
G_Gab20220419PM,Gabe,2022-04-19,PM,3,366,Gabe,Locomote,
G_Gab20220419PM,Gabe,2022-04-19,PM,3,368,Isabelle,Solo-Feed,
G_Gab20220419PM,Gabe,2022-04-19,PM,3,373,Apple,Proximity,Atilla
G_Gab20220419PM,Gabe,2022-04-19,PM,3,376,Atilla,Proximity-Feed,Apple
G_Gab20220419PM,Gabe,2022-04-19,PM,4,550,Gabe,Solo-Feed,
G_Gab20220419PM,Gabe,2022-04-19,PM,4,553,Isabelle,Solo-Feed,
G_Gab20220419PM,Gabe,2022-04-19,PM,4,559,Apple,Solo-Feed,
G_Gab20220419PM,Gabe,2022-04-19,PM,4,562,Atilla,Locomote,
G_Gab20220419PM,Gabe,2022-04-19,PM,5,733,Gabe,Locomote,
G_Gab20220419PM,Gabe,2022-04-19,PM,5,748,Isabelle,Solo-Feed,
G_Gab20220419PM,Gabe,2022-04-19,PM,5,752,Apple,Proximity,Atilla
G_Gab20220419PM,Gabe,2022-04-19,PM,5,753,Atilla,Proximity,Apple
G_Gab20220419PM,Gabe,2022-04-19,PM,6,903,Gabe,Solo-Feed,
G_Gab20220419PM,Gabe,2022-04-19,PM,6,907,Isabelle,Locomote,
G_Gab20220419PM,Gabe,2022-04-19,PM,6,914,Apple,Locomote,
G_Gab20220419PM,Gabe,2022-04-19,PM,6,914,Atilla,Locomote,
G_Gab20220419PM,Gabe,2022-04-19,PM,7,1086,Gabe,Proximity-Feed,Apple
G_Gab20220419PM,Gabe,2022-04-19,PM,7,1092,Isabelle,Solo-Feed,
G_Gab20220419PM,Gabe,2022-04-19,PM,7,1094,Apple,Proximity-Feed,Gabe
G_Gab20220419PM,Gabe,2022-04-19,PM,7,1099,Atilla,Locomote,
G_Gab20220419PM,Gabe,2022-04-19,PM,8,1269,Gabe,Inactive,
G_Gab20220419PM,Gabe,2022-04-19,PM,8,1273,Isabelle,Solo-Feed,
G_Gab20220419PM,Gabe,2022-04-19,PM,8,1276,Apple,Inactive,
G_Gab20220419PM,Gabe,2022-04-19,PM,8,1280,Atilla,Inactive,
G_Gab20220419PM,Gabe,2022-04-19,PM,9,1455,Gabe,Locomote,
G_Gab20220419PM,Gabe,2022-04-19,PM,9,1459,Isabelle,Proximity-Feed,Gabe
G_Gab20220419PM,Gabe,2022-04-19,PM,9,1464,Apple,Solo-Feed,
G_Gab20220419PM,Gabe,2022-04-19,PM,9,1467,Atilla,Inactive,
G_Gab20220419PM,Gabe,2022-04-19,PM,10,1624,Gabe,Inactive,
G_Gab20220419PM,Gabe,2022-04-19,PM,10,1626,Isabelle,Contact,Apple
G_Gab20220419PM,Gabe,2022-04-19,PM,10,1628,Apple,Contact,Isabelle
G_Gab20220419PM,Gabe,2022-04-19,PM,10,1632,Atilla,Locomote,
G_Gab20220419PM,Gabe,2022-04-19,PM,11,1802,Gabe,Solo-Feed,
G_Gab20220419PM,Gabe,2022-04-19,PM,11,1805,Isabelle,Contact,Apple
G_Gab20220419PM,Gabe,2022-04-19,PM,11,1808,Apple,Groom,Isabelle
G_Gab20220419PM,Gabe,2022-04-19,PM,11,1810,Atilla,Locomote,
G_Gab20220420AM,Gabe,2022-04-20,AM,1,1,Gabe,Inactive,
G_Gab20220420AM,Gabe,2022-04-20,AM,1,7,Isabelle,Locomote,
G_Gab20220420AM,Gabe,2022-04-20,AM,1,10,Apple,Locomote,
G_Gab20220420AM,Gabe,2022-04-20,AM,1,12,Atilla,Inactive,
G_Gab20220420AM,Gabe,2022-04-20,AM,2,181,Gabe,Inactive,
G_Gab20220420AM,Gabe,2022-04-20,AM,2,184,Isabelle,Locomote,
G_Gab20220420AM,Gabe,2022-04-20,AM,2,186,Apple,Inactive,
G_Gab20220420AM,Gabe,2022-04-20,AM,2,190,Atilla,Inactive,
G_Gab20220420AM,Gabe,2022-04-20,AM,3,364,Gabe,Proximity,Apple
G_Gab20220420AM,Gabe,2022-04-20,AM,3,368,Isabelle,Locomote,
G_Gab20220420AM,Gabe,2022-04-20,AM,3,370,Apple,Groom,Gabe
G_Gab20220420AM,Gabe,2022-04-20,AM,3,374,Atilla,Groom,Atilla
G_Gab20220420AM,Gabe,2022-04-20,AM,4,541,Gabe,Contact,Apple
G_Gab20220420AM,Gabe,2022-04-20,AM,4,545,Isabelle,Locomote,
G_Gab20220420AM,Gabe,2022-04-20,AM,4,546,Apple,Groom,Gabe
G_Gab20220420AM,Gabe,2022-04-20,AM,4,549,Atilla,Locomote,
G_Gab20220420AM,Gabe,2022-04-20,AM,5,723,Gabe,Groom,Gabe
G_Gab20220420AM,Gabe,2022-04-20,AM,5,726,Isabelle,Locomote,
G_Gab20220420AM,Gabe,2022-04-20,AM,5,730,Apple,Locomote,
G_Gab20220420AM,Gabe,2022-04-20,AM,5,732,Atilla,Locomote,
G_Gab20220420AM,Gabe,2022-04-20,AM,6,911,Gabe,Locomote,
G_Gab20220420AM,Gabe,2022-04-20,AM,6,914,Isabelle,Inactive,
G_Gab20220420AM,Gabe,2022-04-20,AM,6,917,Apple,Locomote,
G_Gab20220420AM,Gabe,2022-04-20,AM,6,920,Atilla,Locomote,
G_Gab20220420AM,Gabe,2022-04-20,AM,7,1082,Gabe,Inactive,
G_Gab20220420AM,Gabe,2022-04-20,AM,7,1089,Isabelle,Inactive,
G_Gab20220420AM,Gabe,2022-04-20,AM,7,1092,Apple,Locomote,
G_Gab20220420AM,Gabe,2022-04-20,AM,7,1094,Atilla,Locomote,
G_Gab20220420AM,Gabe,2022-04-20,AM,8,1262,Gabe,Inactive,
G_Gab20220420AM,Gabe,2022-04-20,AM,8,1265,Isabelle,Inactive,
G_Gab20220420AM,Gabe,2022-04-20,AM,8,1268,Apple,,
G_Gab20220420AM,Gabe,2022-04-20,AM,8,1270,Atilla,Locomote,
G_Gab20220420AM,Gabe,2022-04-20,AM,9,1441,Gabe,Contact,Apple
G_Gab20220420AM,Gabe,2022-04-20,AM,9,1444,Isabelle,Locomote,
G_Gab20220420AM,Gabe,2022-04-20,AM,9,1445,Apple,Groom,Gabe
G_Gab20220420AM,Gabe,2022-04-20,AM,9,1448,Atilla,Locomote,
G_Gab20220420AM,Gabe,2022-04-20,AM,10,1622,Gabe,Inactive,
G_Gab20220420AM,Gabe,2022-04-20,AM,10,1626,Isabelle,Locomote,
G_Gab20220420AM,Gabe,2022-04-20,AM,10,1628,Apple,,
G_Gab20220420AM,Gabe,2022-04-20,AM,10,1630,Atilla,Locomote,
G_Gab20220420AM,Gabe,2022-04-20,AM,11,1800,Gabe,Groom,Gabe
G_Gab20220420AM,Gabe,2022-04-20,AM,11,1807,Isabelle,Inactive,
G_Gab20220420AM,Gabe,2022-04-20,AM,11,1809,Apple,Inactive,
G_Gab20220420AM,Gabe,2022-04-20,AM,11,1812,Atilla,Locomote,
G_Gab20220427AM,Gabe,2022-04-27,AM,1,3,Gabe,Locomote,
G_Gab20220427AM,Gabe,2022-04-27,AM,1,6,Isabelle,Inactive,
G_Gab20220427AM,Gabe,2022-04-27,AM,1,9,Apple,Locomote,
G_Gab20220427AM,Gabe,2022-04-27,AM,1,12,Atilla,Locomote,
G_Gab20220427AM,Gabe,2022-04-27,AM,2,182,Gabe,Locomote,
G_Gab20220427AM,Gabe,2022-04-27,AM,2,185,Isabelle,Forage,
G_Gab20220427AM,Gabe,2022-04-27,AM,2,190,Apple,Locomote,
G_Gab20220427AM,Gabe,2022-04-27,AM,2,194,Atilla,Inactive,
G_Gab20220427AM,Gabe,2022-04-27,AM,3,364,Gabe,Locomote,
G_Gab20220427AM,Gabe,2022-04-27,AM,3,369,Isabelle,Inactive,
G_Gab20220427AM,Gabe,2022-04-27,AM,3,372,Apple,Locomote,
G_Gab20220427AM,Gabe,2022-04-27,AM,3,375,Atilla,Inactive,
G_Gab20220427AM,Gabe,2022-04-27,AM,4,547,Gabe,Groom,Gabe
G_Gab20220427AM,Gabe,2022-04-27,AM,4,550,Isabelle,Locomote,
G_Gab20220427AM,Gabe,2022-04-27,AM,4,552,Apple,Inactive,
G_Gab20220427AM,Gabe,2022-04-27,AM,4,556,Atilla,Locomote,
G_Gab20220427AM,Gabe,2022-04-27,AM,5,725,Gabe,Locomote,
G_Gab20220427AM,Gabe,2022-04-27,AM,5,728,Isabelle,Inactive,
G_Gab20220427AM,Gabe,2022-04-27,AM,5,734,Apple,Locomote,
G_Gab20220427AM,Gabe,2022-04-27,AM,5,735,Atilla,Locomote,
G_Gab20220427AM,Gabe,2022-04-27,AM,6,904,Gabe,Groom,Gabe
G_Gab20220427AM,Gabe,2022-04-27,AM,6,908,Isabelle,Locomote,
G_Gab20220427AM,Gabe,2022-04-27,AM,6,911,Apple,,
G_Gab20220427AM,Gabe,2022-04-27,AM,6,913,Atilla,Locomote,
G_Gab20220427AM,Gabe,2022-04-27,AM,7,1084,Gabe,Inactive,
G_Gab20220427AM,Gabe,2022-04-27,AM,7,1087,Isabelle,Locomote,
G_Gab20220427AM,Gabe,2022-04-27,AM,7,1091,Apple,Locomote,
G_Gab20220427AM,Gabe,2022-04-27,AM,7,1093,Atilla,Locomote,
G_Gab20220427AM,Gabe,2022-04-27,AM,8,1265,Gabe,,
G_Gab20220427AM,Gabe,2022-04-27,AM,8,1267,Isabelle,Locomote,
G_Gab20220427AM,Gabe,2022-04-27,AM,8,1270,Apple,Locomote,
G_Gab20220427AM,Gabe,2022-04-27,AM,8,1273,Atilla,Locomote,
G_Gab20220427AM,Gabe,2022-04-27,AM,9,1446,Gabe,Inactive,
G_Gab20220427AM,Gabe,2022-04-27,AM,9,1449,Isabelle,Inactive,
G_Gab20220427AM,Gabe,2022-04-27,AM,9,1451,Apple,,
G_Gab20220427AM,Gabe,2022-04-27,AM,9,1452,Atilla,Locomote,
G_Gab20220427AM,Gabe,2022-04-27,AM,10,1639,Gabe,,
G_Gab20220427AM,Gabe,2022-04-27,AM,10,1641,Isabelle,Locomote,
G_Gab20220427AM,Gabe,2022-04-27,AM,10,1646,Apple,Locomote,
G_Gab20220427AM,Gabe,2022-04-27,AM,10,1648,Atilla,Locomote,
G_Gab20220427AM,Gabe,2022-04-27,AM,11,1813,Gabe,Inactive,
G_Gab20220427AM,Gabe,2022-04-27,AM,11,1817,Isabelle,Locomote,
G_Gab20220427AM,Gabe,2022-04-27,AM,11,1819,Apple,Locomote,
G_Gab20220427AM,Gabe,2022-04-27,AM,11,1820,Atilla,Locomote,
G_Log20220403AM,Logan,2022-04-03,AM,1,1,Logan,Inactive,
G_Log20220403AM,Logan,2022-04-03,AM,1,6,Ivory,Locomote,
G_Log20220403AM,Logan,2022-04-03,AM,1,7,Ira,Locomote,
G_Log20220403AM,Logan,2022-04-03,AM,1,12,Irene,Inactive,
G_Log20220403AM,Logan,2022-04-03,AM,1,17,Paddy,Inactive,
G_Log20220403AM,Logan,2022-04-03,AM,1,21,Ingrid,Contact,Irene
G_Log20220403AM,Logan,2022-04-03,AM,2,185,Logan,Inactive,
G_Log20220403AM,Logan,2022-04-03,AM,2,189,Ivory,Inactive,
G_Log20220403AM,Logan,2022-04-03,AM,2,196,Ira,,
G_Log20220403AM,Logan,2022-04-03,AM,2,198,Irene,Inactive,
G_Log20220403AM,Logan,2022-04-03,AM,2,203,Paddy,Groom,Paddy
G_Log20220403AM,Logan,2022-04-03,AM,2,207,Ingrid,Inactive,
G_Log20220403AM,Logan,2022-04-03,AM,3,362,Logan,Locomote,
G_Log20220403AM,Logan,2022-04-03,AM,3,369,Ivory,Inactive,
G_Log20220403AM,Logan,2022-04-03,AM,3,372,Ira,,
G_Log20220403AM,Logan,2022-04-03,AM,3,374,Irene,Groom,Logan
G_Log20220403AM,Logan,2022-04-03,AM,3,380,Paddy,Groom,Paddy
G_Log20220403AM,Logan,2022-04-03,AM,3,383,Ingrid,Inactive,
G_Log20220403AM,Logan,2022-04-03,AM,4,542,Logan,Contact,Irene
G_Log20220403AM,Logan,2022-04-03,AM,4,545,Logan,Proximity,Ingrid
G_Log20220403AM,Logan,2022-04-03,AM,4,548,Ivory,Locomote,
G_Log20220403AM,Logan,2022-04-03,AM,4,551,Ira,Inactive,
G_Log20220403AM,Logan,2022-04-03,AM,4,555,Irene,Groom,Logan
G_Log20220403AM,Logan,2022-04-03,AM,4,558,Irene,Contact,Ingrid
G_Log20220403AM,Logan,2022-04-03,AM,4,561,Paddy,Groom,Paddy
G_Log20220403AM,Logan,2022-04-03,AM,4,563,Ingrid,Groom,Logan
G_Log20220403AM,Logan,2022-04-03,AM,4,565,Ingrid,Contact,Irene
G_Log20220403AM,Logan,2022-04-03,AM,5,725,Logan,Inactive,
G_Log20220403AM,Logan,2022-04-03,AM,5,729,Ivory,Locomote,
G_Log20220403AM,Logan,2022-04-03,AM,5,733,Ira,,
G_Log20220403AM,Logan,2022-04-03,AM,5,734,Irene,,
G_Log20220403AM,Logan,2022-04-03,AM,5,736,Paddy,Inactive,
G_Log20220403AM,Logan,2022-04-03,AM,5,739,Ingrid,Contact,Irene
G_Log20220403AM,Logan,2022-04-03,AM,6,912,Logan,Contact,Ingrid
G_Log20220403AM,Logan,2022-04-03,AM,6,916,Logan,Proximity,Paddy
G_Log20220403AM,Logan,2022-04-03,AM,6,922,Ivory,Inactive,
G_Log20220403AM,Logan,2022-04-03,AM,6,928,Ira,Manipulate,
G_Log20220403AM,Logan,2022-04-03,AM,6,930,Irene,Inactive,
G_Log20220403AM,Logan,2022-04-03,AM,6,935,Paddy,Proximity,Logan
G_Log20220403AM,Logan,2022-04-03,AM,6,937,Ingrid,Groom,Logan
G_Log20220403AM,Logan,2022-04-03,AM,7,1081,Logan,Contact,Ivory
G_Log20220403AM,Logan,2022-04-03,AM,7,1088,Ivory,Contact,Logan
G_Log20220403AM,Logan,2022-04-03,AM,7,1092,Ivory,Proximity,Ingrid
G_Log20220403AM,Logan,2022-04-03,AM,7,1094,Ira,Manipulate,
G_Log20220403AM,Logan,2022-04-03,AM,7,1098,Irene,Inactive,
G_Log20220403AM,Logan,2022-04-03,AM,7,1102,Paddy,Contact,Logan
G_Log20220403AM,Logan,2022-04-03,AM,7,1106,Paddy,Proximity,Ingrid
G_Log20220403AM,Logan,2022-04-03,AM,7,1108,Ingrid,Contact,Logan
G_Log20220403AM,Logan,2022-04-03,AM,7,1110,Ingrid,Proximity,Ivory
G_Log20220403AM,Logan,2022-04-03,AM,8,1263,Logan,Contact,Paddy
G_Log20220403AM,Logan,2022-04-03,AM,8,1274,Ivory,Locomote,
G_Log20220403AM,Logan,2022-04-03,AM,8,1276,Ira,Inactive,
G_Log20220403AM,Logan,2022-04-03,AM,8,1278,Irene,Inactive,
G_Log20220403AM,Logan,2022-04-03,AM,8,1280,Paddy,Contact,Logan
G_Log20220403AM,Logan,2022-04-03,AM,8,1282,Paddy,Proximity,Ingrid
G_Log20220403AM,Logan,2022-04-03,AM,8,1284,Ingrid,Contact,Logan
G_Log20220403AM,Logan,2022-04-03,AM,8,1286,Ingrid,Proximity,Paddy
G_Log20220403AM,Logan,2022-04-03,AM,9,1441,Logan,Contact,Ivory
G_Log20220403AM,Logan,2022-04-03,AM,9,1445,Ivory,Contact,Logan
G_Log20220403AM,Logan,2022-04-03,AM,9,1448,Ivory,Proximity,Paddy
G_Log20220403AM,Logan,2022-04-03,AM,9,1452,Ira,Locomote,
G_Log20220403AM,Logan,2022-04-03,AM,9,1457,Irene,Locomote,
G_Log20220403AM,Logan,2022-04-03,AM,9,1462,Paddy,Contact,Logan
G_Log20220403AM,Logan,2022-04-03,AM,9,1464,Paddy,Proximity,Ivory
G_Log20220403AM,Logan,2022-04-03,AM,9,1469,Ingrid,Contact,Logan
G_Log20220403AM,Logan,2022-04-03,AM,9,1474,Ingrid,Proximity,Ivory
G_Log20220403AM,Logan,2022-04-03,AM,10,1623,Logan,Locomote,
G_Log20220403AM,Logan,2022-04-03,AM,10,1626,Ivory,Locomote,
G_Log20220403AM,Logan,2022-04-03,AM,10,1631,Ira,Locomote,
G_Log20220403AM,Logan,2022-04-03,AM,10,1634,Irene,Inactive,
G_Log20220403AM,Logan,2022-04-03,AM,10,1636,Paddy,Inactive,
G_Log20220403AM,Logan,2022-04-03,AM,10,1638,Ingrid,Locomote,
G_Log20220403AM,Logan,2022-04-03,AM,11,1803,Logan,Groom,Logan
G_Log20220403AM,Logan,2022-04-03,AM,11,1806,Ivory,Inactive,
G_Log20220403AM,Logan,2022-04-03,AM,11,1809,Ira,Inactive,
G_Log20220403AM,Logan,2022-04-03,AM,11,1812,Irene,Inactive,
G_Log20220403AM,Logan,2022-04-03,AM,11,1817,Paddy,Locomote,
G_Log20220403AM,Logan,2022-04-03,AM,11,1819,Ingrid,Inactive,
G_Log20220409PM,Logan,2022-04-09,PM,1,0,Logan,Solo-Feed,
G_Log20220409PM,Logan,2022-04-09,PM,1,6,Ivory,Solo-Feed,
G_Log20220409PM,Logan,2022-04-09,PM,1,10,Ira,Solo-Feed,
G_Log20220409PM,Logan,2022-04-09,PM,1,17,Irene,Solo-Feed,
G_Log20220409PM,Logan,2022-04-09,PM,1,21,Paddy,Inactive,
G_Log20220409PM,Logan,2022-04-09,PM,1,25,Ingrid,Solo-Feed,
G_Log20220409PM,Logan,2022-04-09,PM,2,187,Logan,Proximity-Feed,Ivory
G_Log20220409PM,Logan,2022-04-09,PM,2,199,Ivory,Proximity-Feed,Ira
G_Log20220409PM,Logan,2022-04-09,PM,2,205,Ira,Locomote,
G_Log20220409PM,Logan,2022-04-09,PM,2,208,Irene,Locomote,
G_Log20220409PM,Logan,2022-04-09,PM,2,214,Paddy,Inactive,
G_Log20220409PM,Logan,2022-04-09,PM,2,215,Ingrid,Forage,
G_Log20220409PM,Logan,2022-04-09,PM,3,367,Logan,Locomote,
G_Log20220409PM,Logan,2022-04-09,PM,3,374,Ivory,Solo-Feed,
G_Log20220409PM,Logan,2022-04-09,PM,3,386,Ira,Proximity,Paddy
G_Log20220409PM,Logan,2022-04-09,PM,3,393,Irene,,
G_Log20220409PM,Logan,2022-04-09,PM,3,398,Paddy,Proximity-Feed,Ira
G_Log20220409PM,Logan,2022-04-09,PM,3,405,Ingrid,Locomote,
G_Log20220409PM,Logan,2022-04-09,PM,4,543,Logan,Solo-Feed,
G_Log20220409PM,Logan,2022-04-09,PM,4,548,Ivory,Locomote,
G_Log20220409PM,Logan,2022-04-09,PM,4,553,Ira,Solo-Feed,
G_Log20220409PM,Logan,2022-04-09,PM,4,559,Irene,Inactive,
G_Log20220409PM,Logan,2022-04-09,PM,4,564,Paddy,Solo-Feed,
G_Log20220409PM,Logan,2022-04-09,PM,4,569,Ingrid,Inactive,
G_Log20220409PM,Logan,2022-04-09,PM,5,723,Logan,Proximity-Feed,Ira
G_Log20220409PM,Logan,2022-04-09,PM,5,735,Ivory,Solo-Feed,
G_Log20220409PM,Logan,2022-04-09,PM,5,741,Ira,Proximity,Logan
G_Log20220409PM,Logan,2022-04-09,PM,5,746,Irene,Locomote,
G_Log20220409PM,Logan,2022-04-09,PM,5,751,Paddy,Solo-Feed,
G_Log20220409PM,Logan,2022-04-09,PM,5,755,Ingrid,Inactive,
G_Log20220409PM,Logan,2022-04-09,PM,6,903,Logan,Solo-Feed,
G_Log20220409PM,Logan,2022-04-09,PM,6,908,Ivory,Locomote,
G_Log20220409PM,Logan,2022-04-09,PM,6,911,Ira,Locomote,
G_Log20220409PM,Logan,2022-04-09,PM,6,918,Irene,Solo-Feed,
G_Log20220409PM,Logan,2022-04-09,PM,6,924,Paddy,Inactive,
G_Log20220409PM,Logan,2022-04-09,PM,6,927,Ingrid,Forage,
G_Log20220409PM,Logan,2022-04-09,PM,7,1085,Logan,Locomote,
G_Log20220409PM,Logan,2022-04-09,PM,7,1089,Ivory,Solo-Feed,
G_Log20220409PM,Logan,2022-04-09,PM,7,1095,Ira,Proximity,Logan
G_Log20220409PM,Logan,2022-04-09,PM,7,1102,Irene,Groom,Irene
G_Log20220409PM,Logan,2022-04-09,PM,7,1108,Paddy,Contact-Feed,Ivory
G_Log20220409PM,Logan,2022-04-09,PM,7,1118,Ingrid,Locomote,
G_Log20220409PM,Logan,2022-04-09,PM,8,1265,Logan,Solo-Feed,
G_Log20220409PM,Logan,2022-04-09,PM,8,1272,Ivory,Locomote,
G_Log20220409PM,Logan,2022-04-09,PM,8,1275,Ira,Forage,
G_Log20220409PM,Logan,2022-04-09,PM,8,1281,Irene,Groom,Irene
G_Log20220409PM,Logan,2022-04-09,PM,8,1286,Paddy,Inactive,
G_Log20220409PM,Logan,2022-04-09,PM,8,1291,Ingrid,Locomote,
G_Log20220409PM,Logan,2022-04-09,PM,9,1444,Logan,Forage,
G_Log20220409PM,Logan,2022-04-09,PM,9,1449,Ivory,Solo-Feed,
G_Log20220409PM,Logan,2022-04-09,PM,9,1454,Ira,Solo-Feed,
G_Log20220409PM,Logan,2022-04-09,PM,9,1463,Irene,Solo-Feed,
G_Log20220409PM,Logan,2022-04-09,PM,9,1468,Paddy,Locomote,
G_Log20220409PM,Logan,2022-04-09,PM,9,1471,Ingrid,Inactive,
G_Log20220409PM,Logan,2022-04-09,PM,10,1627,Logan,Solo-Feed,
G_Log20220409PM,Logan,2022-04-09,PM,10,1635,Ivory,Solo-Feed,
G_Log20220409PM,Logan,2022-04-09,PM,10,1639,Ira,Locomote,
G_Log20220409PM,Logan,2022-04-09,PM,10,1649,Irene,Solo-Feed,
G_Log20220409PM,Logan,2022-04-09,PM,10,1653,Paddy,Solo-Feed,
G_Log20220409PM,Logan,2022-04-09,PM,10,1657,Ingrid,Locomote,
G_Log20220409PM,Logan,2022-04-09,PM,11,1804,Logan,Proximity,Ivory
G_Log20220409PM,Logan,2022-04-09,PM,11,1812,Ira,Inactive,
G_Log20220409PM,Logan,2022-04-09,PM,11,1817,Irene,Forage,
G_Log20220409PM,Logan,2022-04-09,PM,11,1823,Paddy,Proximity,Ivory
G_Log20220409PM,Logan,2022-04-09,PM,11,1829,Ingrid,Inactive,
G_Log20220410AM,Logan,2022-04-10,AM,1,2,Logan,Locomote,
G_Log20220410AM,Logan,2022-04-10,AM,1,4,Ivory,,
G_Log20220410AM,Logan,2022-04-10,AM,1,5,Ira,Locomote,
G_Log20220410AM,Logan,2022-04-10,AM,1,10,Irene,Locomote,
G_Log20220410AM,Logan,2022-04-10,AM,1,12,Paddy,Locomote,
G_Log20220410AM,Logan,2022-04-10,AM,1,14,Ingrid,Locomote,
G_Log20220410AM,Logan,2022-04-10,AM,2,186,Logan,Groom,Logan
G_Log20220410AM,Logan,2022-04-10,AM,2,192,Ivory,Locomote,
G_Log20220410AM,Logan,2022-04-10,AM,2,194,Ira,Inactive,
G_Log20220410AM,Logan,2022-04-10,AM,2,197,Irene,Inactive,
G_Log20220410AM,Logan,2022-04-10,AM,2,202,Paddy,Locomote,
G_Log20220410AM,Logan,2022-04-10,AM,2,203,Ingrid,Locomote,
G_Log20220410AM,Logan,2022-04-10,AM,3,363,Logan,Manipulate,
G_Log20220410AM,Logan,2022-04-10,AM,3,366,Ivory,Locomote,
G_Log20220410AM,Logan,2022-04-10,AM,3,375,Ira,,
G_Log20220410AM,Logan,2022-04-10,AM,3,377,Irene,Inactive,
G_Log20220410AM,Logan,2022-04-10,AM,3,380,Paddy,,
G_Log20220410AM,Logan,2022-04-10,AM,3,382,Ingrid,Locomote,
G_Log20220410AM,Logan,2022-04-10,AM,4,542,Logan,Locomote,
G_Log20220410AM,Logan,2022-04-10,AM,4,545,Ivory,Inactive,
G_Log20220410AM,Logan,2022-04-10,AM,4,548,Ira,,
G_Log20220410AM,Logan,2022-04-10,AM,4,549,Irene,Inactive,
G_Log20220410AM,Logan,2022-04-10,AM,4,555,Paddy,Inactive,
G_Log20220410AM,Logan,2022-04-10,AM,4,560,Ingrid,Inactive,
G_Log20220410AM,Logan,2022-04-10,AM,5,722,Logan,Contact,Ingrid
G_Log20220410AM,Logan,2022-04-10,AM,5,727,Ivory,,
G_Log20220410AM,Logan,2022-04-10,AM,5,729,Ira,,
G_Log20220410AM,Logan,2022-04-10,AM,5,731,Irene,Inactive,
G_Log20220410AM,Logan,2022-04-10,AM,5,737,Paddy,Inactive,
G_Log20220410AM,Logan,2022-04-10,AM,5,738,Ingrid,Groom,Logan
G_Log20220410AM,Logan,2022-04-10,AM,6,901,Logan,Contact,Ingrid
G_Log20220410AM,Logan,2022-04-10,AM,6,905,Ivory,Locomote,
G_Log20220410AM,Logan,2022-04-10,AM,6,908,Ira,Inactive,
G_Log20220410AM,Logan,2022-04-10,AM,6,912,Irene,Groom,Irene
G_Log20220410AM,Logan,2022-04-10,AM,6,915,Paddy,Locomote,
G_Log20220410AM,Logan,2022-04-10,AM,6,917,Ingrid,Groom,Logan
G_Log20220410AM,Logan,2022-04-10,AM,7,1084,Logan,Contact,Ingrid
G_Log20220410AM,Logan,2022-04-10,AM,7,1088,Ivory,Inactive,
G_Log20220410AM,Logan,2022-04-10,AM,7,1090,Ira,,
G_Log20220410AM,Logan,2022-04-10,AM,7,1093,Irene,,
G_Log20220410AM,Logan,2022-04-10,AM,7,1097,Paddy,Inactive,
G_Log20220410AM,Logan,2022-04-10,AM,7,1099,Ingrid,Groom,Logan
G_Log20220410AM,Logan,2022-04-10,AM,8,1280,Logan,Manipulate,
G_Log20220410AM,Logan,2022-04-10,AM,8,1285,Ivory,Inactive,
G_Log20220410AM,Logan,2022-04-10,AM,8,1286,Ira,Inactive,
G_Log20220410AM,Logan,2022-04-10,AM,8,1291,Irene,Inactive,
G_Log20220410AM,Logan,2022-04-10,AM,8,1294,Paddy,Inactive,
G_Log20220410AM,Logan,2022-04-10,AM,8,1297,Ingrid,Manipulate,
G_Log20220410AM,Logan,2022-04-10,AM,9,1442,Logan,Inactive,
G_Log20220410AM,Logan,2022-04-10,AM,9,1445,Ivory,Inactive,
G_Log20220410AM,Logan,2022-04-10,AM,9,1452,Ira,Locomote,
G_Log20220410AM,Logan,2022-04-10,AM,9,1454,Irene,Inactive,
G_Log20220410AM,Logan,2022-04-10,AM,9,1457,Paddy,Locomote,
G_Log20220410AM,Logan,2022-04-10,AM,9,1458,Ingrid,Locomote,
G_Log20220410AM,Logan,2022-04-10,AM,10,1623,Logan,Inactive,
G_Log20220410AM,Logan,2022-04-10,AM,10,1625,Ivory,Inactive,
G_Log20220410AM,Logan,2022-04-10,AM,10,1632,Ira,Inactive,
G_Log20220410AM,Logan,2022-04-10,AM,10,1634,Irene,Inactive,
G_Log20220410AM,Logan,2022-04-10,AM,10,1636,Paddy,Inactive,
G_Log20220410AM,Logan,2022-04-10,AM,10,1638,Ingrid,Groom,Ingrid
G_Log20220410AM,Logan,2022-04-10,AM,11,1800,Logan,Inactive,
G_Log20220410AM,Logan,2022-04-10,AM,11,1805,Ivory,Inactive,
G_Log20220410AM,Logan,2022-04-10,AM,11,1808,Ira,Inactive,
G_Log20220410AM,Logan,2022-04-10,AM,11,1812,Irene,Inactive,
G_Log20220410AM,Logan,2022-04-10,AM,11,1815,Paddy,Groom,Paddy
G_Log20220410AM,Logan,2022-04-10,AM,11,1819,Ingrid,Locomote,
G_Log20220410PM,Logan,2022-04-10,PM,1,4,Logan,Solo-Feed,
G_Log20220410PM,Logan,2022-04-10,PM,1,26,Ivory,Forage,
G_Log20220410PM,Logan,2022-04-10,PM,1,40,Ira,Inactive,
G_Log20220410PM,Logan,2022-04-10,PM,1,45,Irene,Solo-Feed,
G_Log20220410PM,Logan,2022-04-10,PM,1,52,Paddy,Solo-Feed,
G_Log20220410PM,Logan,2022-04-10,PM,1,60,Ingrid,Inactive,
G_Log20220410PM,Logan,2022-04-10,PM,2,186,Logan,Solo-Feed,
G_Log20220410PM,Logan,2022-04-10,PM,2,193,Ivory,Locomote,
G_Log20220410PM,Logan,2022-04-10,PM,2,217,Ira,Inactive,
G_Log20220410PM,Logan,2022-04-10,PM,2,221,Irene,Solo-Feed,
G_Log20220410PM,Logan,2022-04-10,PM,2,227,Paddy,Inactive,
G_Log20220410PM,Logan,2022-04-10,PM,2,235,Ingrid,Solo-Feed,
G_Log20220410PM,Logan,2022-04-10,PM,3,364,Logan,Locomote,
G_Log20220410PM,Logan,2022-04-10,PM,3,371,Ivory,Solo-Feed,
G_Log20220410PM,Logan,2022-04-10,PM,3,378,Ira,,
G_Log20220410PM,Logan,2022-04-10,PM,3,381,Irene,Solo-Feed,
G_Log20220410PM,Logan,2022-04-10,PM,3,387,Paddy,Solo-Feed,
G_Log20220410PM,Logan,2022-04-10,PM,3,393,Ingrid,Forage,
G_Log20220410PM,Logan,2022-04-10,PM,4,548,Logan,Solo-Feed,
G_Log20220410PM,Logan,2022-04-10,PM,4,583,Ivory,Proximity-Feed,Ira
G_Log20220410PM,Logan,2022-04-10,PM,4,588,Ira,Proximity-Feed,Ivory
G_Log20220410PM,Logan,2022-04-10,PM,4,594,Irene,Solo-Feed,
G_Log20220410PM,Logan,2022-04-10,PM,4,599,Paddy,Solo-Feed,
G_Log20220410PM,Logan,2022-04-10,PM,4,624,Ingrid,Solo-Feed,
G_Log20220410PM,Logan,2022-04-10,PM,5,735,Logan,Solo-Feed,
G_Log20220410PM,Logan,2022-04-10,PM,5,747,Ivory,Solo-Feed,
G_Log20220410PM,Logan,2022-04-10,PM,5,761,Ira,Inactive,
G_Log20220410PM,Logan,2022-04-10,PM,5,764,Irene,Inactive,
G_Log20220410PM,Logan,2022-04-10,PM,5,771,Paddy,Solo-Feed,
G_Log20220410PM,Logan,2022-04-10,PM,5,776,Paddy,Proximity,Ingrid
G_Log20220410PM,Logan,2022-04-10,PM,5,781,Ingrid,Proximity,Paddy
G_Log20220410PM,Logan,2022-04-10,PM,6,906,Logan,Forage,
G_Log20220410PM,Logan,2022-04-10,PM,6,919,Ivory,Inactive,
G_Log20220410PM,Logan,2022-04-10,PM,6,923,Ira,Manipulate,
G_Log20220410PM,Logan,2022-04-10,PM,6,926,Irene,Inactive,
G_Log20220410PM,Logan,2022-04-10,PM,6,929,Paddy,,
G_Log20220410PM,Logan,2022-04-10,PM,6,937,Ingrid,Inactive,
G_Log20220410PM,Logan,2022-04-10,PM,7,1097,Logan,Groom,Ivory
G_Log20220410PM,Logan,2022-04-10,PM,7,1104,Logan,Proximity,Ira
G_Log20220410PM,Logan,2022-04-10,PM,7,1109,Ivory,Contact,Logan
G_Log20220410PM,Logan,2022-04-10,PM,7,1113,Ivory,Contact,Ira
G_Log20220410PM,Logan,2022-04-10,PM,7,1117,Ira,Contact,Ivory
G_Log20220410PM,Logan,2022-04-10,PM,7,1119,Ira,Proximity,Logan
G_Log20220410PM,Logan,2022-04-10,PM,7,1123,Irene,Locomote,
G_Log20220410PM,Logan,2022-04-10,PM,7,1127,Paddy,Inactive,
G_Log20220410PM,Logan,2022-04-10,PM,7,1129,Ingrid,Inactive,
G_Log20220410PM,Logan,2022-04-10,PM,8,1271,Logan,Inactive,
G_Log20220410PM,Logan,2022-04-10,PM,8,1281,Ivory,Inactive,
G_Log20220410PM,Logan,2022-04-10,PM,8,1282,Ira,Inactive,
G_Log20220410PM,Logan,2022-04-10,PM,8,1285,Irene,Locomote,
G_Log20220410PM,Logan,2022-04-10,PM,8,1289,Paddy,Manipulate,
G_Log20220410PM,Logan,2022-04-10,PM,8,1300,Ingrid,Solo-Feed,
G_Log20220410PM,Logan,2022-04-10,PM,9,1441,Logan,Inactive,
G_Log20220410PM,Logan,2022-04-10,PM,9,1452,Ivory,,
G_Log20220410PM,Logan,2022-04-10,PM,9,1461,Ira,,
G_Log20220410PM,Logan,2022-04-10,PM,9,1465,Irene,Proximity-Feed,Paddy
G_Log20220410PM,Logan,2022-04-10,PM,9,1470,Paddy,Proximity-Feed,Irene
G_Log20220410PM,Logan,2022-04-10,PM,9,1475,Ingrid,Inactive,
G_Log20220410PM,Logan,2022-04-10,PM,10,1622,Logan,Forage,
G_Log20220410PM,Logan,2022-04-10,PM,10,1633,Ivory,,
G_Log20220410PM,Logan,2022-04-10,PM,10,1634,Ira,Inactive,
G_Log20220410PM,Logan,2022-04-10,PM,10,1642,Irene,Proximity-Feed,Ingrid
G_Log20220410PM,Logan,2022-04-10,PM,10,1645,Paddy,Solo-Feed,
G_Log20220410PM,Logan,2022-04-10,PM,10,1649,Ingrid,Proximity-Feed,Irene
G_Log20220410PM,Logan,2022-04-10,PM,11,1814,Logan,Inactive,
G_Log20220410PM,Logan,2022-04-10,PM,11,1822,Ivory,Contact,Paddy
G_Log20220410PM,Logan,2022-04-10,PM,11,1825,Ira,Locomote,
G_Log20220410PM,Logan,2022-04-10,PM,11,1828,Irene,Inactive,
G_Log20220410PM,Logan,2022-04-10,PM,11,1830,Paddy,Groom,Ivory
G_Log20220410PM,Logan,2022-04-10,PM,11,1834,Ingrid,Locomote,
G_Log20220421PM,Logan,2022-04-21,PM,1,2,Logan,Locomote,
G_Log20220421PM,Logan,2022-04-21,PM,1,4,Ivory,Proximity-Feed,Ira
G_Log20220421PM,Logan,2022-04-21,PM,1,13,Ira,Proximity-Feed,Ivory
G_Log20220421PM,Logan,2022-04-21,PM,1,16,Irene,Solo-Feed,
G_Log20220421PM,Logan,2022-04-21,PM,1,21,Paddy,Solo-Feed,
G_Log20220421PM,Logan,2022-04-21,PM,1,26,Ingrid,Locomote,
G_Log20220421PM,Logan,2022-04-21,PM,2,181,Logan,Contact-Feed,Paddy
G_Log20220421PM,Logan,2022-04-21,PM,2,185,Ivory,Contact,Paddy
G_Log20220421PM,Logan,2022-04-21,PM,2,192,Ira,Solo-Feed,
G_Log20220421PM,Logan,2022-04-21,PM,2,196,Irene,Proximity-Feed,Ingrid
G_Log20220421PM,Logan,2022-04-21,PM,2,202,Paddy,Proximity,Logan
G_Log20220421PM,Logan,2022-04-21,PM,2,208,Ingrid,Solo-Feed,
G_Log20220421PM,Logan,2022-04-21,PM,3,366,Logan,Proximity,Ingrid
G_Log20220421PM,Logan,2022-04-21,PM,3,378,Ivory,Proximity,Paddy
G_Log20220421PM,Logan,2022-04-21,PM,3,380,Ira,Solo-Feed,
G_Log20220421PM,Logan,2022-04-21,PM,3,385,Irene,Solo-Feed,
G_Log20220421PM,Logan,2022-04-21,PM,3,389,Paddy,Proximity,Logan
G_Log20220421PM,Logan,2022-04-21,PM,3,394,Ingrid,Solo-Feed,
G_Log20220421PM,Logan,2022-04-21,PM,4,545,Logan,Locomote,
G_Log20220421PM,Logan,2022-04-21,PM,4,548,Ivory,Contact,Paddy
G_Log20220421PM,Logan,2022-04-21,PM,4,552,Ira,Solo-Feed,
G_Log20220421PM,Logan,2022-04-21,PM,4,560,Irene,Solo-Feed,
G_Log20220421PM,Logan,2022-04-21,PM,4,563,Paddy,Groom,Ivory
G_Log20220421PM,Logan,2022-04-21,PM,4,566,Ingrid,Solo-Feed,
G_Log20220421PM,Logan,2022-04-21,PM,5,722,Logan,Solo-Feed,
G_Log20220421PM,Logan,2022-04-21,PM,5,724,Ivory,Proximity-Feed,Paddy
G_Log20220421PM,Logan,2022-04-21,PM,5,730,Ira,Solo-Feed,
G_Log20220421PM,Logan,2022-04-21,PM,5,734,Irene,Solo-Feed,
G_Log20220421PM,Logan,2022-04-21,PM,5,737,Paddy,Locomote,
G_Log20220421PM,Logan,2022-04-21,PM,5,740,Ingrid,Solo-Feed,
G_Log20220421PM,Logan,2022-04-21,PM,6,901,Logan,Solo-Feed,
G_Log20220421PM,Logan,2022-04-21,PM,6,904,Ivory,Inactive,
G_Log20220421PM,Logan,2022-04-21,PM,6,907,Ira,Locomote,
G_Log20220421PM,Logan,2022-04-21,PM,6,912,Irene,Proximity,Ira
G_Log20220421PM,Logan,2022-04-21,PM,6,917,Paddy,Locomote,
G_Log20220421PM,Logan,2022-04-21,PM,6,920,Ingrid,Forage,
G_Log20220421PM,Logan,2022-04-21,PM,7,1084,Logan,Inactive,
G_Log20220421PM,Logan,2022-04-21,PM,7,1096,Ivory,Proximity,Ira
G_Log20220421PM,Logan,2022-04-21,PM,7,1108,Ira,Solo-Feed,
G_Log20220421PM,Logan,2022-04-21,PM,7,1112,Irene,Inactive,
G_Log20220421PM,Logan,2022-04-21,PM,7,1116,Paddy,Inactive,
G_Log20220421PM,Logan,2022-04-21,PM,7,1122,Ingrid,Locomote,
G_Log20220421PM,Logan,2022-04-21,PM,8,1264,Logan,Proximity-Feed,Paddy
G_Log20220421PM,Logan,2022-04-21,PM,8,1272,Ivory,Locomote,
G_Log20220421PM,Logan,2022-04-21,PM,8,1278,Ira,Solo-Feed,
G_Log20220421PM,Logan,2022-04-21,PM,8,1282,Irene,Solo-Feed,
G_Log20220421PM,Logan,2022-04-21,PM,8,1284,Paddy,Proximity-Feed,Logan
G_Log20220421PM,Logan,2022-04-21,PM,8,1288,Ingrid,Locomote,
G_Log20220421PM,Logan,2022-04-21,PM,9,1445,Logan,Solo-Feed,
G_Log20220421PM,Logan,2022-04-21,PM,9,1449,Ivory,Solo-Feed,
G_Log20220421PM,Logan,2022-04-21,PM,9,1452,Ira,Inactive,
G_Log20220421PM,Logan,2022-04-21,PM,9,1460,Irene,Locomote,
G_Log20220421PM,Logan,2022-04-21,PM,9,1463,Paddy,Inactive,
G_Log20220421PM,Logan,2022-04-21,PM,9,1467,Ingrid,Solo-Feed,
G_Log20220421PM,Logan,2022-04-21,PM,10,1623,Logan,Inactive,
G_Log20220421PM,Logan,2022-04-21,PM,10,1625,Ivory,Proximity,Paddy
G_Log20220421PM,Logan,2022-04-21,PM,10,1637,Ira,Solo-Feed,
G_Log20220421PM,Logan,2022-04-21,PM,10,1640,Irene,Solo-Feed,
G_Log20220421PM,Logan,2022-04-21,PM,10,1646,Paddy,Inactive,
G_Log20220421PM,Logan,2022-04-21,PM,10,1649,Ingrid,Solo-Feed,
G_Log20220421PM,Logan,2022-04-21,PM,11,1803,Logan,Proximity-Feed,Paddy
G_Log20220421PM,Logan,2022-04-21,PM,11,1806,Ivory,Solo-Feed,
G_Log20220421PM,Logan,2022-04-21,PM,11,1813,Irene,Proximity,Ingrid
G_Log20220421PM,Logan,2022-04-21,PM,11,1820,Paddy,Solo-Feed,
G_Log20220421PM,Logan,2022-04-21,PM,11,1825,Ingrid,Solo-Feed,
G_Log20220421PM,Logan,2022-04-21,PM,11,1830,Ira,Solo-Feed,
G_Log20220423PM,Logan,2022-04-23,PM,1,1,Logan,Solo-Feed,
G_Log20220423PM,Logan,2022-04-23,PM,1,7,Ivory,Locomote,
G_Log20220423PM,Logan,2022-04-23,PM,1,12,Ira,Locomote,
G_Log20220423PM,Logan,2022-04-23,PM,1,15,Irene,Locomote,
G_Log20220423PM,Logan,2022-04-23,PM,1,18,Paddy,Forage,
G_Log20220423PM,Logan,2022-04-23,PM,1,22,Ingrid,Locomote,
G_Log20220423PM,Logan,2022-04-23,PM,2,187,Logan,Solo-Feed,
G_Log20220423PM,Logan,2022-04-23,PM,2,192,Ivory,Proximity-Feed,Paddy
G_Log20220423PM,Logan,2022-04-23,PM,2,206,Ira,Proximity-Feed,Logan
G_Log20220423PM,Logan,2022-04-23,PM,2,221,Irene,Inactive,
G_Log20220423PM,Logan,2022-04-23,PM,2,224,Paddy,Proximity-Feed,Ivory
G_Log20220423PM,Logan,2022-04-23,PM,2,233,Ingrid,Solo-Feed,
G_Log20220423PM,Logan,2022-04-23,PM,3,367,Logan,Locomote,
G_Log20220423PM,Logan,2022-04-23,PM,3,372,Ivory,Solo-Feed,
G_Log20220423PM,Logan,2022-04-23,PM,3,377,Ira,Locomote,
G_Log20220423PM,Logan,2022-04-23,PM,3,382,Irene,Solo-Feed,
G_Log20220423PM,Logan,2022-04-23,PM,3,388,Paddy,Solo-Feed,
G_Log20220423PM,Logan,2022-04-23,PM,3,392,Ingrid,Solo-Feed,
G_Log20220423PM,Logan,2022-04-23,PM,4,545,Logan,Locomote,
G_Log20220423PM,Logan,2022-04-23,PM,4,549,Ivory,Locomote,
G_Log20220423PM,Logan,2022-04-23,PM,4,556,Ira,Locomote,
G_Log20220423PM,Logan,2022-04-23,PM,4,559,Irene,Solo-Feed,
G_Log20220423PM,Logan,2022-04-23,PM,4,564,Paddy,Solo-Feed,
G_Log20220423PM,Logan,2022-04-23,PM,4,569,Ingrid,Inactive,
G_Log20220423PM,Logan,2022-04-23,PM,5,726,Logan,Contact,Ira
G_Log20220423PM,Logan,2022-04-23,PM,5,733,Ivory,Inactive,
G_Log20220423PM,Logan,2022-04-23,PM,5,745,Ira,Proximity,Logan
G_Log20220423PM,Logan,2022-04-23,PM,5,749,Irene,Solo-Feed,
G_Log20220423PM,Logan,2022-04-23,PM,5,756,Paddy,Locomote,
G_Log20220423PM,Logan,2022-04-23,PM,5,760,Ingrid,Solo-Feed,
G_Log20220423PM,Logan,2022-04-23,PM,6,905,Logan,Locomote,
G_Log20220423PM,Logan,2022-04-23,PM,6,908,Ivory,Solo-Feed,
G_Log20220423PM,Logan,2022-04-23,PM,6,920,Ira,Locomote,
G_Log20220423PM,Logan,2022-04-23,PM,6,924,Irene,,
G_Log20220423PM,Logan,2022-04-23,PM,6,927,Paddy,Locomote,
G_Log20220423PM,Logan,2022-04-23,PM,6,929,Ingrid,Solo-Feed,
G_Log20220423PM,Logan,2022-04-23,PM,7,1087,Logan,Solo-Feed,
G_Log20220423PM,Logan,2022-04-23,PM,7,1092,Ivory,Solo-Feed,
G_Log20220423PM,Logan,2022-04-23,PM,7,1100,Ira,Locomote,
G_Log20220423PM,Logan,2022-04-23,PM,7,1103,Irene,,
G_Log20220423PM,Logan,2022-04-23,PM,7,1111,Paddy,,
G_Log20220423PM,Logan,2022-04-23,PM,7,1116,Ingrid,Solo-Feed,
G_Log20220423PM,Logan,2022-04-23,PM,8,1266,Logan,Solo-Feed,
G_Log20220423PM,Logan,2022-04-23,PM,8,1272,Ivory,Locomote,
G_Log20220423PM,Logan,2022-04-23,PM,8,1277,Ira,Locomote,
G_Log20220423PM,Logan,2022-04-23,PM,8,1280,Irene,Inactive,
G_Log20220423PM,Logan,2022-04-23,PM,8,1283,Paddy,Solo-Feed,
G_Log20220423PM,Logan,2022-04-23,PM,8,1288,Ingrid,Locomote,
G_Log20220423PM,Logan,2022-04-23,PM,9,1445,Logan,Solo-Feed,
G_Log20220423PM,Logan,2022-04-23,PM,9,1451,Ivory,Proximity-Feed,Paddy
G_Log20220423PM,Logan,2022-04-23,PM,9,1466,Ira,Locomote,
G_Log20220423PM,Logan,2022-04-23,PM,9,1468,Irene,Inactive,
G_Log20220423PM,Logan,2022-04-23,PM,9,1477,Paddy,Proximity-Feed,Ivory
G_Log20220423PM,Logan,2022-04-23,PM,9,1483,Ingrid,Inactive,
G_Log20220423PM,Logan,2022-04-23,PM,10,1624,Logan,Solo-Feed,
G_Log20220423PM,Logan,2022-04-23,PM,10,1634,Ivory,Proximity-Feed,Paddy
G_Log20220423PM,Logan,2022-04-23,PM,10,1650,Ira,Inactive,
G_Log20220423PM,Logan,2022-04-23,PM,10,1658,Irene,Solo-Feed,
G_Log20220423PM,Logan,2022-04-23,PM,10,1673,Ingrid,Locomote,
G_Log20220423PM,Logan,2022-04-23,PM,11,1801,Logan,Solo-Feed,
G_Log20220423PM,Logan,2022-04-23,PM,11,1806,Ivory,Solo-Feed,
G_Log20220423PM,Logan,2022-04-23,PM,11,1819,Ira,Solo-Feed,
G_Log20220423PM,Logan,2022-04-23,PM,11,1824,Irene,Inactive,
G_Log20220423PM,Logan,2022-04-23,PM,11,1835,Paddy,Solo-Feed,
G_Log20220427PM,Logan,2022-04-27,PM,1,4,Logan,Inactive,
G_Log20220427PM,Logan,2022-04-27,PM,1,11,Ivory,,
G_Log20220427PM,Logan,2022-04-27,PM,1,14,Ivory,Proximity,Paddy
G_Log20220427PM,Logan,2022-04-27,PM,1,22,Ira,Inactive,
G_Log20220427PM,Logan,2022-04-27,PM,1,24,Irene,Locomote,
G_Log20220427PM,Logan,2022-04-27,PM,1,26,Paddy,Proximity,Ivory
G_Log20220427PM,Logan,2022-04-27,PM,1,31,Ingrid,Inactive,
G_Log20220427PM,Logan,2022-04-27,PM,2,190,Logan,Inactive,
G_Log20220427PM,Logan,2022-04-27,PM,2,194,Ivory,Proximity-Feed,Ira
G_Log20220427PM,Logan,2022-04-27,PM,2,201,Ira,Proximity-Feed,Ivory
G_Log20220427PM,Logan,2022-04-27,PM,2,207,Irene,Inactive,
G_Log20220427PM,Logan,2022-04-27,PM,2,212,Paddy,Proximity,Logan
G_Log20220427PM,Logan,2022-04-27,PM,2,219,Ingrid,Locomote,
G_Log20220427PM,Logan,2022-04-27,PM,3,364,Logan,Locomote,
G_Log20220427PM,Logan,2022-04-27,PM,3,388,Ivory,Proximity,Logan
G_Log20220427PM,Logan,2022-04-27,PM,3,391,Ira,Proximity,Ivory
G_Log20220427PM,Logan,2022-04-27,PM,3,395,Irene,Inactive,
G_Log20220427PM,Logan,2022-04-27,PM,3,399,Paddy,Inactive,
G_Log20220427PM,Logan,2022-04-27,PM,4,547,Logan,Locomote,
G_Log20220427PM,Logan,2022-04-27,PM,4,554,Ivory,Proximity,Ira
G_Log20220427PM,Logan,2022-04-27,PM,4,555,Ira,Proximity,Ivory
G_Log20220427PM,Logan,2022-04-27,PM,4,561,Irene,,
G_Log20220427PM,Logan,2022-04-27,PM,4,564,Paddy,Solo-Feed,
G_Log20220427PM,Logan,2022-04-27,PM,4,568,Ingrid,Locomote,
G_Log20220427PM,Logan,2022-04-27,PM,5,729,Logan,Solo-Feed,
G_Log20220427PM,Logan,2022-04-27,PM,5,746,Ivory,Inactive,
G_Log20220427PM,Logan,2022-04-27,PM,5,753,Ira,Inactive,
G_Log20220427PM,Logan,2022-04-27,PM,5,756,Irene,Locomote,
G_Log20220427PM,Logan,2022-04-27,PM,5,757,Paddy,Solo-Feed,
G_Log20220427PM,Logan,2022-04-27,PM,5,762,Ingrid,Locomote,
G_Log20220427PM,Logan,2022-04-27,PM,6,904,Logan,Inactive,
G_Log20220427PM,Logan,2022-04-27,PM,6,916,Ivory,Inactive,
G_Log20220427PM,Logan,2022-04-27,PM,6,918,Ira,Inactive,
G_Log20220427PM,Logan,2022-04-27,PM,6,921,Irene,Inactive,
G_Log20220427PM,Logan,2022-04-27,PM,6,940,Paddy,Locomote,
G_Log20220427PM,Logan,2022-04-27,PM,6,942,Ingrid,Locomote,
G_Log20220427PM,Logan,2022-04-27,PM,7,1083,Logan,Locomote,
G_Log20220427PM,Logan,2022-04-27,PM,7,1091,Ivory,Proximity,Logan
G_Log20220427PM,Logan,2022-04-27,PM,7,1105,Ira,Inactive,
G_Log20220427PM,Logan,2022-04-27,PM,7,1109,Irene,Proximity,Ingrid
G_Log20220427PM,Logan,2022-04-27,PM,7,1124,Paddy,Solo-Feed,
G_Log20220427PM,Logan,2022-04-27,PM,7,1130,Ingrid,,
G_Log20220427PM,Logan,2022-04-27,PM,8,1270,Logan,Solo-Feed,
G_Log20220427PM,Logan,2022-04-27,PM,8,1276,Ivory,Proximity,Ira
G_Log20220427PM,Logan,2022-04-27,PM,8,1283,Ira,Proximity,Ivory
G_Log20220427PM,Logan,2022-04-27,PM,8,1291,Irene,Inactive,
G_Log20220427PM,Logan,2022-04-27,PM,8,1298,Paddy,Solo-Feed,
G_Log20220427PM,Logan,2022-04-27,PM,8,1304,Ingrid,Locomote,
G_Log20220427PM,Logan,2022-04-27,PM,9,1448,Logan,Proximity-Feed,Ingrid
G_Log20220427PM,Logan,2022-04-27,PM,9,1460,Ivory,Locomote,
G_Log20220427PM,Logan,2022-04-27,PM,9,1465,Ira,,
G_Log20220427PM,Logan,2022-04-27,PM,9,1468,Irene,,
G_Log20220427PM,Logan,2022-04-27,PM,9,1472,Paddy,,
G_Log20220427PM,Logan,2022-04-27,PM,9,1479,Ingrid,Forage,
G_Log20220427PM,Logan,2022-04-27,PM,10,1635,Logan,Proximity-Feed,Ingrid
G_Log20220427PM,Logan,2022-04-27,PM,10,1649,Ivory,Proximity,Ira
G_Log20220427PM,Logan,2022-04-27,PM,10,1654,Ira,Solo-Feed,
G_Log20220427PM,Logan,2022-04-27,PM,10,1659,Irene,Inactive,
G_Log20220427PM,Logan,2022-04-27,PM,10,1664,Paddy,Inactive,
G_Log20220427PM,Logan,2022-04-27,PM,10,1668,Ingrid,Locomote,
G_Log20220427PM,Logan,2022-04-27,PM,11,1807,Logan,Inactive,
G_Log20220427PM,Logan,2022-04-27,PM,11,1813,Ivory,Proximity,Ira
G_Log20220427PM,Logan,2022-04-27,PM,11,1815,Ira,Proximity,Ivory
G_Log20220427PM,Logan,2022-04-27,PM,11,1818,Irene,,
G_Log20220427PM,Logan,2022-04-27,PM,11,1823,Paddy,Inactive,
G_Log20220427PM,Logan,2022-04-27,PM,11,1826,Ingrid,Locomote,
G_Log20220430PM,Logan,2022-04-30,PM,1,1,Logan,Inactive,
G_Log20220430PM,Logan,2022-04-30,PM,1,10,Ivory,Locomote,
G_Log20220430PM,Logan,2022-04-30,PM,1,16,Ira,Locomote,
G_Log20220430PM,Logan,2022-04-30,PM,1,19,Irene,Locomote,
G_Log20220430PM,Logan,2022-04-30,PM,1,23,Paddy,Inactive,
G_Log20220430PM,Logan,2022-04-30,PM,1,28,Ingrid,Locomote,
G_Log20220430PM,Logan,2022-04-30,PM,2,187,Logan,Solo-Feed,
G_Log20220430PM,Logan,2022-04-30,PM,2,194,Ivory,Locomote,
G_Log20220430PM,Logan,2022-04-30,PM,2,199,Ira,Locomote,
G_Log20220430PM,Logan,2022-04-30,PM,2,205,Irene,Inactive,
G_Log20220430PM,Logan,2022-04-30,PM,2,209,Paddy,Inactive,
G_Log20220430PM,Logan,2022-04-30,PM,2,214,Ingrid,Locomote,
G_Log20220430PM,Logan,2022-04-30,PM,3,362,Logan,Locomote,
G_Log20220430PM,Logan,2022-04-30,PM,3,367,Ivory,Locomote,
G_Log20220430PM,Logan,2022-04-30,PM,3,379,Ira,Locomote,
G_Log20220430PM,Logan,2022-04-30,PM,3,384,Irene,Locomote,
G_Log20220430PM,Logan,2022-04-30,PM,3,390,Paddy,Inactive,
G_Log20220430PM,Logan,2022-04-30,PM,3,393,Ingrid,Inactive,
G_Log20220430PM,Logan,2022-04-30,PM,4,543,Logan,Locomote,
G_Log20220430PM,Logan,2022-04-30,PM,4,547,Ivory,Locomote,
G_Log20220430PM,Logan,2022-04-30,PM,4,560,Ira,Locomote,
G_Log20220430PM,Logan,2022-04-30,PM,4,564,Irene,Inactive,
G_Log20220430PM,Logan,2022-04-30,PM,4,579,Paddy,Inactive,
G_Log20220430PM,Logan,2022-04-30,PM,4,584,Ingrid,Locomote,
G_Log20220430PM,Logan,2022-04-30,PM,5,724,Logan,Proximity,Paddy
G_Log20220430PM,Logan,2022-04-30,PM,5,742,Ivory,Solo-Feed,
G_Log20220430PM,Logan,2022-04-30,PM,5,748,Ira,Locomote,
G_Log20220430PM,Logan,2022-04-30,PM,5,757,Irene,Inactive,
G_Log20220430PM,Logan,2022-04-30,PM,5,760,Paddy,Contact,Logan
G_Log20220430PM,Logan,2022-04-30,PM,5,769,Ingrid,Inactive,
G_Log20220430PM,Logan,2022-04-30,PM,6,903,Logan,Forage,
G_Log20220430PM,Logan,2022-04-30,PM,6,908,Ivory,Locomote,
G_Log20220430PM,Logan,2022-04-30,PM,6,923,Ira,Inactive,
G_Log20220430PM,Logan,2022-04-30,PM,6,928,Irene,Locomote,
G_Log20220430PM,Logan,2022-04-30,PM,6,934,Paddy,Proximity,Ivory
G_Log20220430PM,Logan,2022-04-30,PM,6,942,Ingrid,Locomote,
G_Log20220430PM,Logan,2022-04-30,PM,7,1083,Logan,Inactive,
G_Log20220430PM,Logan,2022-04-30,PM,7,1086,Ivory,Locomote,
G_Log20220430PM,Logan,2022-04-30,PM,7,1091,Ira,Locomote,
G_Log20220430PM,Logan,2022-04-30,PM,7,1094,Irene,Locomote,
G_Log20220430PM,Logan,2022-04-30,PM,7,1099,Paddy,Proximity,Ira
G_Log20220430PM,Logan,2022-04-30,PM,7,1114,Ingrid,Locomote,
G_Log20220430PM,Logan,2022-04-30,PM,8,1268,Logan,Locomote,
G_Log20220430PM,Logan,2022-04-30,PM,8,1269,Ivory,,
G_Log20220430PM,Logan,2022-04-30,PM,8,1286,Ira,Inactive,
G_Log20220430PM,Logan,2022-04-30,PM,8,1296,Irene,Locomote,
G_Log20220430PM,Logan,2022-04-30,PM,8,1299,Paddy,Locomote,
G_Log20220430PM,Logan,2022-04-30,PM,8,1302,Ingrid,Locomote,
G_Log20220430PM,Logan,2022-04-30,PM,9,1442,Logan,Proximity,Ira
G_Log20220430PM,Logan,2022-04-30,PM,9,1455,Ivory,Locomote,
G_Log20220430PM,Logan,2022-04-30,PM,9,1461,Ira,Proximity,Logan
G_Log20220430PM,Logan,2022-04-30,PM,9,1466,Irene,Locomote,
G_Log20220430PM,Logan,2022-04-30,PM,9,1469,Paddy,Locomote,
G_Log20220430PM,Logan,2022-04-30,PM,9,1479,Ingrid,,
G_Log20220430PM,Logan,2022-04-30,PM,10,1624,Logan,Forage,
G_Log20220430PM,Logan,2022-04-30,PM,10,1630,Ivory,,
G_Log20220430PM,Logan,2022-04-30,PM,10,1633,Ira,Inactive,
G_Log20220430PM,Logan,2022-04-30,PM,10,1648,Irene,Locomote,
G_Log20220430PM,Logan,2022-04-30,PM,10,1653,Paddy,Solo-Feed,
G_Log20220430PM,Logan,2022-04-30,PM,10,1659,Ingrid,Solo-Feed,
G_Log20220430PM,Logan,2022-04-30,PM,11,1816,Logan,Locomote,
G_Log20220430PM,Logan,2022-04-30,PM,11,1819,Ivory,Proximity-Feed,Ira
G_Log20220430PM,Logan,2022-04-30,PM,11,1834,Ira,Proximity-Feed,Ivory
G_Log20220430PM,Logan,2022-04-30,PM,11,1840,Irene,Solo-Feed,
G_Log20220430PM,Logan,2022-04-30,PM,11,1846,Paddy,Locomote,
G_Log20220430PM,Logan,2022-04-30,PM,11,1848,Ingrid,Solo-Feed,
G_Mas20220409AM,Mason,2022-04-09,AM,1,0,Mason,Inactive,
G_Mas20220409AM,Mason,2022-04-09,AM,1,10,Star,Inactive,
G_Mas20220409AM,Mason,2022-04-09,AM,1,13,Scarlett,Locomote,
G_Mas20220409AM,Mason,2022-04-09,AM,1,16,Benny,Locomote,
G_Mas20220409AM,Mason,2022-04-09,AM,1,22,Bias,Inactive,
G_Mas20220409AM,Mason,2022-04-09,AM,1,35,Bailey,Locomote,
G_Mas20220409AM,Mason,2022-04-09,AM,1,46,Beeker,Locomote,
G_Mas20220409AM,Mason,2022-04-09,AM,1,47,Gonzo,Inactive,
G_Mas20220409AM,Mason,2022-04-09,AM,1,62,Gretel,Locomote,
G_Mas20220409AM,Mason,2022-04-09,AM,2,192,Mason,Locomote,
G_Mas20220409AM,Mason,2022-04-09,AM,2,195,Star,Proximity,Scarlett
G_Mas20220409AM,Mason,2022-04-09,AM,2,203,Star,Aggress,Gretel
G_Mas20220409AM,Mason,2022-04-09,AM,2,210,Scarlett,,
G_Mas20220409AM,Mason,2022-04-09,AM,2,220,Benny,Inactive,
G_Mas20220409AM,Mason,2022-04-09,AM,2,229,Bias,Inactive,
G_Mas20220409AM,Mason,2022-04-09,AM,2,235,Bailey,Locomote,
G_Mas20220409AM,Mason,2022-04-09,AM,2,245,Beeker,Proximity,Bailey
G_Mas20220409AM,Mason,2022-04-09,AM,2,249,Gonzo,Locomote,
G_Mas20220409AM,Mason,2022-04-09,AM,2,267,Gretel,Locomote,
G_Mas20220409AM,Mason,2022-04-09,AM,3,363,Mason,Locomote,
G_Mas20220409AM,Mason,2022-04-09,AM,3,368,Star,Inactive,
G_Mas20220409AM,Mason,2022-04-09,AM,3,371,Scarlett,Locomote,
G_Mas20220409AM,Mason,2022-04-09,AM,3,372,Benny,Inactive,
G_Mas20220409AM,Mason,2022-04-09,AM,3,376,Bias,Inactive,
G_Mas20220409AM,Mason,2022-04-09,AM,3,379,Bailey,Inactive,
G_Mas20220409AM,Mason,2022-04-09,AM,3,393,Beeker,Inactive,
G_Mas20220409AM,Mason,2022-04-09,AM,3,396,Gonzo,Inactive,
G_Mas20220409AM,Mason,2022-04-09,AM,3,403,Gretel,,
G_Mas20220409AM,Mason,2022-04-09,AM,4,546,Mason,Locomote,
G_Mas20220409AM,Mason,2022-04-09,AM,4,556,Star,Inactive,
G_Mas20220409AM,Mason,2022-04-09,AM,4,559,Scarlett,Inactive,
G_Mas20220409AM,Mason,2022-04-09,AM,4,564,Benny,Inactive,
G_Mas20220409AM,Mason,2022-04-09,AM,4,568,Bias,Inactive,
G_Mas20220409AM,Mason,2022-04-09,AM,4,574,Bailey,Locomote,
G_Mas20220409AM,Mason,2022-04-09,AM,4,576,Beeker,Locomote,
G_Mas20220409AM,Mason,2022-04-09,AM,4,580,Gonzo,Locomote,
G_Mas20220409AM,Mason,2022-04-09,AM,4,585,Gretel,Locomote,
G_Mas20220409AM,Mason,2022-04-09,AM,5,725,Mason,Locomote,
G_Mas20220409AM,Mason,2022-04-09,AM,5,729,Star,Locomote,
G_Mas20220409AM,Mason,2022-04-09,AM,5,731,Scarlett,Locomote,
G_Mas20220409AM,Mason,2022-04-09,AM,5,734,Benny,Inactive,
G_Mas20220409AM,Mason,2022-04-09,AM,5,739,Bias,Inactive,
G_Mas20220409AM,Mason,2022-04-09,AM,5,744,Bailey,Locomote,
G_Mas20220409AM,Mason,2022-04-09,AM,5,747,Beeker,Locomote,
G_Mas20220409AM,Mason,2022-04-09,AM,5,753,Gonzo,Locomote,
G_Mas20220409AM,Mason,2022-04-09,AM,5,755,Gretel,Locomote,
G_Mas20220409AM,Mason,2022-04-09,AM,6,906,Mason,Locomote,
G_Mas20220409AM,Mason,2022-04-09,AM,6,909,Star,Inactive,
G_Mas20220409AM,Mason,2022-04-09,AM,6,935,Scarlett,Locomote,
G_Mas20220409AM,Mason,2022-04-09,AM,6,937,Benny,Locomote,
G_Mas20220409AM,Mason,2022-04-09,AM,6,942,Bias,Inactive,
G_Mas20220409AM,Mason,2022-04-09,AM,6,946,Bailey,Locomote,
G_Mas20220409AM,Mason,2022-04-09,AM,6,951,Beeker,Locomote,
G_Mas20220409AM,Mason,2022-04-09,AM,6,955,Gonzo,Locomote,
G_Mas20220409AM,Mason,2022-04-09,AM,6,961,Gretel,Locomote,
G_Mas20220409AM,Mason,2022-04-09,AM,7,1086,Mason,Inactive,
G_Mas20220409AM,Mason,2022-04-09,AM,7,1089,Star,Inactive,
G_Mas20220409AM,Mason,2022-04-09,AM,7,1093,Scarlett,Inactive,
G_Mas20220409AM,Mason,2022-04-09,AM,7,1102,Benny,Locomote,
G_Mas20220409AM,Mason,2022-04-09,AM,7,1105,Bias,Locomote,
G_Mas20220409AM,Mason,2022-04-09,AM,7,1108,Bailey,Locomote,
G_Mas20220409AM,Mason,2022-04-09,AM,7,1110,Beeker,Locomote,
G_Mas20220409AM,Mason,2022-04-09,AM,7,1113,Gonzo,Locomote,
G_Mas20220409AM,Mason,2022-04-09,AM,7,1115,Gretel,Locomote,
G_Mas20220409AM,Mason,2022-04-09,AM,8,1264,Mason,Locomote,
G_Mas20220409AM,Mason,2022-04-09,AM,8,1269,Star,Locomote,
G_Mas20220409AM,Mason,2022-04-09,AM,8,1274,Scarlett,Locomote,
G_Mas20220409AM,Mason,2022-04-09,AM,8,1280,Benny,Inactive,
G_Mas20220409AM,Mason,2022-04-09,AM,8,1285,Bias,Inactive,
G_Mas20220409AM,Mason,2022-04-09,AM,8,1290,Bailey,Locomote,
G_Mas20220409AM,Mason,2022-04-09,AM,8,1298,Beeker,Locomote,
G_Mas20220409AM,Mason,2022-04-09,AM,8,1302,Gonzo,Locomote,
G_Mas20220409AM,Mason,2022-04-09,AM,8,1304,Gretel,Locomote,
G_Mas20220409AM,Mason,2022-04-09,AM,9,1443,Mason,Locomote,
G_Mas20220409AM,Mason,2022-04-09,AM,9,1451,Star,Locomote,
G_Mas20220409AM,Mason,2022-04-09,AM,9,1453,Scarlett,Locomote,
G_Mas20220409AM,Mason,2022-04-09,AM,9,1458,Benny,Inactive,
G_Mas20220409AM,Mason,2022-04-09,AM,9,1464,Bias,Inactive,
G_Mas20220409AM,Mason,2022-04-09,AM,9,1469,Bailey,Locomote,
G_Mas20220409AM,Mason,2022-04-09,AM,9,1473,Beeker,Inactive,
G_Mas20220409AM,Mason,2022-04-09,AM,9,1480,Gonzo,Locomote,
G_Mas20220409AM,Mason,2022-04-09,AM,9,1486,Gretel,Inactive,
G_Mas20220409AM,Mason,2022-04-09,AM,10,1623,Mason,Inactive,
G_Mas20220409AM,Mason,2022-04-09,AM,10,1626,Star,Locomote,
G_Mas20220409AM,Mason,2022-04-09,AM,10,1628,Scarlett,Inactive,
G_Mas20220409AM,Mason,2022-04-09,AM,10,1640,Benny,Locomote,
G_Mas20220409AM,Mason,2022-04-09,AM,10,1645,Bias,Inactive,
G_Mas20220409AM,Mason,2022-04-09,AM,10,1649,Bailey,Locomote,
G_Mas20220409AM,Mason,2022-04-09,AM,10,1651,Beeker,Locomote,
G_Mas20220409AM,Mason,2022-04-09,AM,10,1654,Gonzo,Inactive,
G_Mas20220409AM,Mason,2022-04-09,AM,10,1659,Gretel,Locomote,
G_Mas20220409AM,Mason,2022-04-09,AM,11,1803,Mason,Locomote,
G_Mas20220409AM,Mason,2022-04-09,AM,11,1806,Star,Locomote,
G_Mas20220409AM,Mason,2022-04-09,AM,11,1808,Scarlett,Locomote,
G_Mas20220409AM,Mason,2022-04-09,AM,11,1810,Benny,Locomote,
G_Mas20220409AM,Mason,2022-04-09,AM,11,1814,Bias,Locomote,
G_Mas20220409AM,Mason,2022-04-09,AM,11,1819,Bailey,Inactive,
G_Mas20220409AM,Mason,2022-04-09,AM,11,1821,Beeker,Inactive,
G_Mas20220409AM,Mason,2022-04-09,AM,11,1832,Gonzo,Locomote,
G_Mas20220409AM,Mason,2022-04-09,AM,11,1835,Gretel,Locomote,
G_Mas20220416PM,Mason,2022-04-16,PM,1,0,Mason,Locomote,
G_Mas20220416PM,Mason,2022-04-16,PM,1,7,Star,Locomote,
G_Mas20220416PM,Mason,2022-04-16,PM,1,14,Scarlett,Locomote,
G_Mas20220416PM,Mason,2022-04-16,PM,1,31,Benny,Solo-Feed,
G_Mas20220416PM,Mason,2022-04-16,PM,1,35,Bias,Forage,
G_Mas20220416PM,Mason,2022-04-16,PM,1,39,Bailey,Forage,
G_Mas20220416PM,Mason,2022-04-16,PM,1,44,Beeker,Inactive,
G_Mas20220416PM,Mason,2022-04-16,PM,1,47,Gonzo,Locomote,
G_Mas20220416PM,Mason,2022-04-16,PM,1,52,Gretel,Locomote,
G_Mas20220416PM,Mason,2022-04-16,PM,2,184,Mason,Proximity-Feed,Scarlett
G_Mas20220416PM,Mason,2022-04-16,PM,2,198,Star,Solo-Feed,
G_Mas20220416PM,Mason,2022-04-16,PM,2,220,Scarlett,Locomote,
G_Mas20220416PM,Mason,2022-04-16,PM,2,222,Benny,Locomote,
G_Mas20220416PM,Mason,2022-04-16,PM,2,226,Bias,Forage,
G_Mas20220416PM,Mason,2022-04-16,PM,2,243,Bailey,Locomote,
G_Mas20220416PM,Mason,2022-04-16,PM,2,247,Beeker,Locomote,
G_Mas20220416PM,Mason,2022-04-16,PM,2,259,Gonzo,Solo-Feed,
G_Mas20220416PM,Mason,2022-04-16,PM,2,263,Gretel,Locomote,
G_Mas20220416PM,Mason,2022-04-16,PM,3,363,Mason,Solo-Feed,
G_Mas20220416PM,Mason,2022-04-16,PM,3,370,Star,Locomote,
G_Mas20220416PM,Mason,2022-04-16,PM,3,384,Scarlett,Locomote,
G_Mas20220416PM,Mason,2022-04-16,PM,3,387,Benny,Solo-Feed,
G_Mas20220416PM,Mason,2022-04-16,PM,3,397,Bias,Locomote,
G_Mas20220416PM,Mason,2022-04-16,PM,3,399,Bailey,Solo-Feed,
G_Mas20220416PM,Mason,2022-04-16,PM,3,410,Beeker,Locomote,
G_Mas20220416PM,Mason,2022-04-16,PM,3,418,Gonzo,Locomote,
G_Mas20220416PM,Mason,2022-04-16,PM,3,421,Gretel,Inactive,
G_Mas20220416PM,Mason,2022-04-16,PM,4,543,Mason,Locomote,
G_Mas20220416PM,Mason,2022-04-16,PM,4,547,Star,Solo-Feed,
G_Mas20220416PM,Mason,2022-04-16,PM,4,553,Scarlett,Inactive,
G_Mas20220416PM,Mason,2022-04-16,PM,4,591,Benny,Forage,
G_Mas20220416PM,Mason,2022-04-16,PM,4,595,Bias,Locomote,
G_Mas20220416PM,Mason,2022-04-16,PM,4,602,Bailey,Forage,
G_Mas20220416PM,Mason,2022-04-16,PM,4,605,Beeker,Inactive,
G_Mas20220416PM,Mason,2022-04-16,PM,4,610,Gonzo,Inactive,
G_Mas20220416PM,Mason,2022-04-16,PM,4,617,Gretel,Locomote,
G_Mas20220416PM,Mason,2022-04-16,PM,5,721,Mason,Locomote,
G_Mas20220416PM,Mason,2022-04-16,PM,5,744,Star,Solo-Feed,
G_Mas20220416PM,Mason,2022-04-16,PM,5,758,Scarlett,Locomote,
G_Mas20220416PM,Mason,2022-04-16,PM,5,776,Benny,,
G_Mas20220416PM,Mason,2022-04-16,PM,5,780,Bias,Locomote,
G_Mas20220416PM,Mason,2022-04-16,PM,5,788,Bailey,Solo-Feed,
G_Mas20220416PM,Mason,2022-04-16,PM,5,793,Beeker,Inactive,
G_Mas20220416PM,Mason,2022-04-16,PM,5,799,Gonzo,Locomote,
G_Mas20220416PM,Mason,2022-04-16,PM,5,802,Gretel,Inactive,
G_Mas20220416PM,Mason,2022-04-16,PM,6,904,Mason,Locomote,
G_Mas20220416PM,Mason,2022-04-16,PM,6,907,Star,Locomote,
G_Mas20220416PM,Mason,2022-04-16,PM,6,911,Scarlett,Locomote,
G_Mas20220416PM,Mason,2022-04-16,PM,6,923,Benny,Solo-Feed,
G_Mas20220416PM,Mason,2022-04-16,PM,6,929,Bias,Locomote,
G_Mas20220416PM,Mason,2022-04-16,PM,6,937,Bailey,Locomote,
G_Mas20220416PM,Mason,2022-04-16,PM,6,942,Beeker,Locomote,
G_Mas20220416PM,Mason,2022-04-16,PM,6,944,Gonzo,Proximity-Feed,Gretel
G_Mas20220416PM,Mason,2022-04-16,PM,6,950,Gretel,Proximity-Feed,Gonzo
G_Mas20220416PM,Mason,2022-04-16,PM,7,1083,Mason,Locomote,
G_Mas20220416PM,Mason,2022-04-16,PM,7,1105,Star,Forage,
G_Mas20220416PM,Mason,2022-04-16,PM,7,1131,Scarlett,Locomote,
G_Mas20220416PM,Mason,2022-04-16,PM,7,1146,Benny,Locomote,
G_Mas20220416PM,Mason,2022-04-16,PM,7,1150,Bias,Locomote,
G_Mas20220416PM,Mason,2022-04-16,PM,7,1153,Bailey,Inactive,
G_Mas20220416PM,Mason,2022-04-16,PM,7,1157,Beeker,Solo-Feed,
G_Mas20220416PM,Mason,2022-04-16,PM,7,1163,Gonzo,Locomote,
G_Mas20220416PM,Mason,2022-04-16,PM,7,1167,Gretel,Forage,
G_Mas20220416PM,Mason,2022-04-16,PM,8,1264,Mason,Locomote,
G_Mas20220416PM,Mason,2022-04-16,PM,8,1277,Star,Locomote,
G_Mas20220416PM,Mason,2022-04-16,PM,8,1293,Scarlett,Solo-Feed,
G_Mas20220416PM,Mason,2022-04-16,PM,8,1297,Benny,Forage,
G_Mas20220416PM,Mason,2022-04-16,PM,8,1308,Bias,Locomote,
G_Mas20220416PM,Mason,2022-04-16,PM,8,1313,Bailey,Inactive,
G_Mas20220416PM,Mason,2022-04-16,PM,8,1316,Beeker,Locomote,
G_Mas20220416PM,Mason,2022-04-16,PM,8,1324,Gonzo,Solo-Feed,
G_Mas20220416PM,Mason,2022-04-16,PM,8,1330,Gretel,Inactive,
G_Mas20220416PM,Mason,2022-04-16,PM,9,1444,Mason,Inactive,
G_Mas20220416PM,Mason,2022-04-16,PM,9,1449,Star,Locomote,
G_Mas20220416PM,Mason,2022-04-16,PM,9,1453,Scarlett,Inactive,
G_Mas20220416PM,Mason,2022-04-16,PM,9,1459,Benny,Locomote,
G_Mas20220416PM,Mason,2022-04-16,PM,9,1463,Bias,Inactive,
G_Mas20220416PM,Mason,2022-04-16,PM,9,1468,Bailey,Locomote,
G_Mas20220416PM,Mason,2022-04-16,PM,9,1473,Beeker,Locomote,
G_Mas20220416PM,Mason,2022-04-16,PM,9,1476,Gonzo,Solo-Feed,
G_Mas20220416PM,Mason,2022-04-16,PM,9,1481,Gretel,Locomote,
G_Mas20220416PM,Mason,2022-04-16,PM,10,1624,Mason,Locomote,
G_Mas20220416PM,Mason,2022-04-16,PM,10,1633,Star,Locomote,
G_Mas20220416PM,Mason,2022-04-16,PM,10,1642,Scarlett,Locomote,
G_Mas20220416PM,Mason,2022-04-16,PM,10,1645,Benny,Locomote,
G_Mas20220416PM,Mason,2022-04-16,PM,10,1650,Bias,Locomote,
G_Mas20220416PM,Mason,2022-04-16,PM,10,1653,Bailey,Locomote,
G_Mas20220416PM,Mason,2022-04-16,PM,10,1659,Beeker,Inactive,
G_Mas20220416PM,Mason,2022-04-16,PM,10,1667,Gonzo,Solo-Feed,
G_Mas20220416PM,Mason,2022-04-16,PM,10,1680,Gretel,Locomote,
G_Mas20220416PM,Mason,2022-04-16,PM,11,1805,Mason,Solo-Feed,
G_Mas20220416PM,Mason,2022-04-16,PM,11,1811,Star,Solo-Feed,
G_Mas20220416PM,Mason,2022-04-16,PM,11,1827,Scarlett,Locomote,
G_Mas20220416PM,Mason,2022-04-16,PM,11,1837,Benny,Locomote,
G_Mas20220416PM,Mason,2022-04-16,PM,11,1841,Bias,Locomote,
G_Mas20220416PM,Mason,2022-04-16,PM,11,1846,Bailey,Solo-Feed,
G_Mas20220416PM,Mason,2022-04-16,PM,11,1849,Beeker,Inactive,
G_Mas20220416PM,Mason,2022-04-16,PM,11,1857,Gonzo,Locomote,
G_Mas20220416PM,Mason,2022-04-16,PM,11,1860,Gretel,Inactive,
G_Mas20220420PM,Mason,2022-04-20,PM,1,8,Mason,Proximity,Gretel
G_Mas20220420PM,Mason,2022-04-20,PM,1,21,Star,Solo-Feed,
G_Mas20220420PM,Mason,2022-04-20,PM,1,27,Scarlett,Locomote,
G_Mas20220420PM,Mason,2022-04-20,PM,1,30,Benny,Locomote,
G_Mas20220420PM,Mason,2022-04-20,PM,1,50,Bias,Solo-Feed,
G_Mas20220420PM,Mason,2022-04-20,PM,1,56,Bailey,Inactive,
G_Mas20220420PM,Mason,2022-04-20,PM,1,68,Beeker,Inactive,
G_Mas20220420PM,Mason,2022-04-20,PM,1,81,Gonzo,Inactive,
G_Mas20220420PM,Mason,2022-04-20,PM,1,86,Gretel,Inactive,
G_Mas20220420PM,Mason,2022-04-20,PM,2,192,Mason,Solo-Feed,
G_Mas20220420PM,Mason,2022-04-20,PM,2,201,Star,Locomote,
G_Mas20220420PM,Mason,2022-04-20,PM,2,233,Scarlett,Solo-Feed,
G_Mas20220420PM,Mason,2022-04-20,PM,2,242,Benny,Contact-Feed,Beeker
G_Mas20220420PM,Mason,2022-04-20,PM,2,249,Bias,Locomote,
G_Mas20220420PM,Mason,2022-04-20,PM,2,253,Bailey,Solo-Feed,
G_Mas20220420PM,Mason,2022-04-20,PM,2,257,Beeker,Proximity,Benny
G_Mas20220420PM,Mason,2022-04-20,PM,2,276,Gonzo,,
G_Mas20220420PM,Mason,2022-04-20,PM,2,279,Gretel,Inactive,
G_Mas20220420PM,Mason,2022-04-20,PM,3,367,Mason,Inactive,
G_Mas20220420PM,Mason,2022-04-20,PM,3,371,Star,Solo-Feed,
G_Mas20220420PM,Mason,2022-04-20,PM,3,381,Scarlett,Locomote,
G_Mas20220420PM,Mason,2022-04-20,PM,3,389,Benny,Locomote,
G_Mas20220420PM,Mason,2022-04-20,PM,3,396,Bias,Locomote,
G_Mas20220420PM,Mason,2022-04-20,PM,3,414,Bailey,Locomote,
G_Mas20220420PM,Mason,2022-04-20,PM,3,421,Beeker,Inactive,
G_Mas20220420PM,Mason,2022-04-20,PM,3,427,Gonzo,Locomote,
G_Mas20220420PM,Mason,2022-04-20,PM,3,432,Gretel,Inactive,
G_Mas20220420PM,Mason,2022-04-20,PM,4,546,Mason,Inactive,
G_Mas20220420PM,Mason,2022-04-20,PM,4,550,Star,Solo-Feed,
G_Mas20220420PM,Mason,2022-04-20,PM,4,558,Scarlett,Inactive,
G_Mas20220420PM,Mason,2022-04-20,PM,4,565,Benny,Inactive,
G_Mas20220420PM,Mason,2022-04-20,PM,4,574,Bias,Locomote,
G_Mas20220420PM,Mason,2022-04-20,PM,4,578,Bailey,Locomote,
G_Mas20220420PM,Mason,2022-04-20,PM,4,589,Beeker,Solo-Feed,
G_Mas20220420PM,Mason,2022-04-20,PM,4,598,Gonzo,Locomote,
G_Mas20220420PM,Mason,2022-04-20,PM,4,599,Gretel,Solo-Feed,
G_Mas20220420PM,Mason,2022-04-20,PM,5,750,Mason,Locomote,
G_Mas20220420PM,Mason,2022-04-20,PM,5,753,Star,Locomote,
G_Mas20220420PM,Mason,2022-04-20,PM,5,761,Scarlett,Inactive,
G_Mas20220420PM,Mason,2022-04-20,PM,5,763,Benny,Locomote,
G_Mas20220420PM,Mason,2022-04-20,PM,5,774,Bias,Locomote,
G_Mas20220420PM,Mason,2022-04-20,PM,5,784,Bailey,Inactive,
G_Mas20220420PM,Mason,2022-04-20,PM,5,793,Beeker,Proximity,Mason
G_Mas20220420PM,Mason,2022-04-20,PM,5,874,Gonzo,Solo-Feed,
G_Mas20220420PM,Mason,2022-04-20,PM,5,881,Gretel,Locomote,
G_Mas20220420PM,Mason,2022-04-20,PM,6,908,Mason,Inactive,
G_Mas20220420PM,Mason,2022-04-20,PM,6,916,Star,Locomote,
G_Mas20220420PM,Mason,2022-04-20,PM,6,920,Scarlett,Locomote,
G_Mas20220420PM,Mason,2022-04-20,PM,6,928,Benny,Inactive,
G_Mas20220420PM,Mason,2022-04-20,PM,6,942,Bias,Locomote,
G_Mas20220420PM,Mason,2022-04-20,PM,6,955,Bailey,Locomote,
G_Mas20220420PM,Mason,2022-04-20,PM,6,958,Beeker,Inactive,
G_Mas20220420PM,Mason,2022-04-20,PM,6,969,Gonzo,Inactive,
G_Mas20220420PM,Mason,2022-04-20,PM,6,971,Gretel,Locomote,
G_Mas20220420PM,Mason,2022-04-20,PM,7,1097,Mason,Contact,Star
G_Mas20220420PM,Mason,2022-04-20,PM,7,1099,Star,Groom,Mason
G_Mas20220420PM,Mason,2022-04-20,PM,7,1122,Scarlett,Locomote,
G_Mas20220420PM,Mason,2022-04-20,PM,7,1127,Benny,Solo-Feed,
G_Mas20220420PM,Mason,2022-04-20,PM,7,1167,Bias,Inactive,
G_Mas20220420PM,Mason,2022-04-20,PM,7,1175,Bailey,Inactive,
G_Mas20220420PM,Mason,2022-04-20,PM,7,1178,Beeker,Solo-Feed,
G_Mas20220420PM,Mason,2022-04-20,PM,7,1185,Gonzo,Solo-Feed,
G_Mas20220420PM,Mason,2022-04-20,PM,7,1188,Gretel,Locomote,
G_Mas20220420PM,Mason,2022-04-20,PM,8,1281,Mason,Contact-Feed,Scarlett
G_Mas20220420PM,Mason,2022-04-20,PM,8,1294,Star,Solo-Feed,
G_Mas20220420PM,Mason,2022-04-20,PM,8,1301,Scarlett,Contact-Feed,Mason
G_Mas20220420PM,Mason,2022-04-20,PM,8,1312,Benny,Solo-Feed,
G_Mas20220420PM,Mason,2022-04-20,PM,8,1322,Bias,Inactive,
G_Mas20220420PM,Mason,2022-04-20,PM,8,1332,Bailey,Solo-Feed,
G_Mas20220420PM,Mason,2022-04-20,PM,8,1338,Beeker,Locomote,
G_Mas20220420PM,Mason,2022-04-20,PM,8,1346,Gonzo,Inactive,
G_Mas20220420PM,Mason,2022-04-20,PM,8,1351,Gretel,Solo-Feed,
G_Mas20220420PM,Mason,2022-04-20,PM,9,1441,Mason,Locomote,
G_Mas20220420PM,Mason,2022-04-20,PM,9,1448,Star,Solo-Feed,
G_Mas20220420PM,Mason,2022-04-20,PM,9,1464,Scarlett,Solo-Feed,
G_Mas20220420PM,Mason,2022-04-20,PM,9,1470,Benny,Inactive,
G_Mas20220420PM,Mason,2022-04-20,PM,9,1476,Bias,Inactive,
G_Mas20220420PM,Mason,2022-04-20,PM,9,1481,Bailey,Inactive,
G_Mas20220420PM,Mason,2022-04-20,PM,9,1487,Beeker,Solo-Feed,
G_Mas20220420PM,Mason,2022-04-20,PM,9,1495,Gonzo,Solo-Feed,
G_Mas20220420PM,Mason,2022-04-20,PM,9,1498,Gretel,Locomote,
G_Mas20220420PM,Mason,2022-04-20,PM,10,1627,Mason,Locomote,
G_Mas20220420PM,Mason,2022-04-20,PM,10,1630,Star,Inactive,
G_Mas20220420PM,Mason,2022-04-20,PM,10,1634,Scarlett,Inactive,
G_Mas20220420PM,Mason,2022-04-20,PM,10,1641,Benny,Proximity-Feed,Beeker
G_Mas20220420PM,Mason,2022-04-20,PM,10,1650,Bias,Locomote,
G_Mas20220420PM,Mason,2022-04-20,PM,10,1656,Bailey,Locomote,
G_Mas20220420PM,Mason,2022-04-20,PM,10,1660,Beeker,Proximity,Benny
G_Mas20220420PM,Mason,2022-04-20,PM,10,1667,Gonzo,Proximity,Gretel
G_Mas20220420PM,Mason,2022-04-20,PM,10,1672,Gretel,,
G_Mas20220420PM,Mason,2022-04-20,PM,11,1803,Mason,Inactive,
G_Mas20220420PM,Mason,2022-04-20,PM,11,1813,Star,Inactive,
G_Mas20220420PM,Mason,2022-04-20,PM,11,1818,Scarlett,Inactive,
G_Mas20220420PM,Mason,2022-04-20,PM,11,1823,Benny,Locomote,
G_Mas20220420PM,Mason,2022-04-20,PM,11,1826,Bias,Locomote,
G_Mas20220420PM,Mason,2022-04-20,PM,11,1829,Bailey,Inactive,
G_Mas20220420PM,Mason,2022-04-20,PM,11,1836,Beeker,Locomote,
G_Mas20220420PM,Mason,2022-04-20,PM,11,1843,Gonzo,Inactive,
G_Mas20220420PM,Mason,2022-04-20,PM,11,1862,Gretel,Forage,
G_Mas20220430PM,Mason,2022-04-30,PM,1,0,Mason,Locomote,
G_Mas20220430PM,Mason,2022-04-30,PM,1,4,Star,Locomote,
G_Mas20220430PM,Mason,2022-04-30,PM,1,7,Scarlett,Locomote,
G_Mas20220430PM,Mason,2022-04-30,PM,1,12,Benny,Solo-Feed,
G_Mas20220430PM,Mason,2022-04-30,PM,1,30,Bias,Forage,
G_Mas20220430PM,Mason,2022-04-30,PM,1,36,Bailey,Locomote,
G_Mas20220430PM,Mason,2022-04-30,PM,1,42,Beeker,Locomote,
G_Mas20220430PM,Mason,2022-04-30,PM,1,44,Gonzo,Locomote,
G_Mas20220430PM,Mason,2022-04-30,PM,1,51,Gretel,Inactive,
G_Mas20220430PM,Mason,2022-04-30,PM,2,183,Mason,Solo-Feed,
G_Mas20220430PM,Mason,2022-04-30,PM,2,196,Star,Locomote,
G_Mas20220430PM,Mason,2022-04-30,PM,2,201,Scarlett,Inactive,
G_Mas20220430PM,Mason,2022-04-30,PM,2,209,Benny,Solo-Feed,
G_Mas20220430PM,Mason,2022-04-30,PM,2,216,Bias,Forage,
G_Mas20220430PM,Mason,2022-04-30,PM,2,225,Bailey,Forage,
G_Mas20220430PM,Mason,2022-04-30,PM,2,229,Beeker,Solo-Feed,
G_Mas20220430PM,Mason,2022-04-30,PM,2,233,Gonzo,Locomote,
G_Mas20220430PM,Mason,2022-04-30,PM,2,238,Gretel,,
G_Mas20220430PM,Mason,2022-04-30,PM,3,363,Mason,Forage,
G_Mas20220430PM,Mason,2022-04-30,PM,3,368,Star,Locomote,
G_Mas20220430PM,Mason,2022-04-30,PM,3,372,Scarlett,Solo-Feed,
G_Mas20220430PM,Mason,2022-04-30,PM,3,376,Benny,Solo-Feed,
G_Mas20220430PM,Mason,2022-04-30,PM,3,380,Bias,Solo-Feed,
G_Mas20220430PM,Mason,2022-04-30,PM,3,388,Bailey,Solo-Feed,
G_Mas20220430PM,Mason,2022-04-30,PM,3,393,Beeker,Solo-Feed,
G_Mas20220430PM,Mason,2022-04-30,PM,3,403,Gonzo,Solo-Feed,
G_Mas20220430PM,Mason,2022-04-30,PM,3,408,Gretel,Solo-Feed,
G_Mas20220430PM,Mason,2022-04-30,PM,4,543,Mason,Locomote,
G_Mas20220430PM,Mason,2022-04-30,PM,4,545,Star,Proximity-Feed,Beeker
G_Mas20220430PM,Mason,2022-04-30,PM,4,556,Scarlett,Locomote,
G_Mas20220430PM,Mason,2022-04-30,PM,4,568,Benny,Locomote,
G_Mas20220430PM,Mason,2022-04-30,PM,4,576,Bias,Locomote,
G_Mas20220430PM,Mason,2022-04-30,PM,4,580,Bailey,Locomote,
G_Mas20220430PM,Mason,2022-04-30,PM,4,583,Beeker,Solo-Feed,
G_Mas20220430PM,Mason,2022-04-30,PM,4,590,Gonzo,,
G_Mas20220430PM,Mason,2022-04-30,PM,4,604,Gretel,Solo-Feed,
G_Mas20220430PM,Mason,2022-04-30,PM,5,724,Mason,Locomote,
G_Mas20220430PM,Mason,2022-04-30,PM,5,735,Star,Solo-Feed,
G_Mas20220430PM,Mason,2022-04-30,PM,5,742,Scarlett,Locomote,
G_Mas20220430PM,Mason,2022-04-30,PM,5,763,Benny,Solo-Feed,
G_Mas20220430PM,Mason,2022-04-30,PM,5,770,Bias,Forage,
G_Mas20220430PM,Mason,2022-04-30,PM,5,783,Bailey,Solo-Feed,
G_Mas20220430PM,Mason,2022-04-30,PM,5,796,Beeker,Locomote,
G_Mas20220430PM,Mason,2022-04-30,PM,5,807,Gonzo,Locomote,
G_Mas20220430PM,Mason,2022-04-30,PM,5,819,Gretel,Inactive,
G_Mas20220430PM,Mason,2022-04-30,PM,6,905,Mason,Solo-Feed,
G_Mas20220430PM,Mason,2022-04-30,PM,6,911,Star,Locomote,
G_Mas20220430PM,Mason,2022-04-30,PM,6,915,Scarlett,Solo-Feed,
G_Mas20220430PM,Mason,2022-04-30,PM,6,920,Benny,Solo-Feed,
G_Mas20220430PM,Mason,2022-04-30,PM,6,926,Bias,Forage,
G_Mas20220430PM,Mason,2022-04-30,PM,6,936,Bailey,Locomote,
G_Mas20220430PM,Mason,2022-04-30,PM,6,939,Beeker,Locomote,
G_Mas20220430PM,Mason,2022-04-30,PM,6,950,Gonzo,Proximity-Feed,Benny
G_Mas20220430PM,Mason,2022-04-30,PM,6,959,Gretel,Locomote,
G_Mas20220430PM,Mason,2022-04-30,PM,7,1082,Mason,Solo-Feed,
G_Mas20220430PM,Mason,2022-04-30,PM,7,1096,Star,Solo-Feed,
G_Mas20220430PM,Mason,2022-04-30,PM,7,1102,Scarlett,Locomote,
G_Mas20220430PM,Mason,2022-04-30,PM,7,1105,Benny,Locomote,
G_Mas20220430PM,Mason,2022-04-30,PM,7,1108,Bias,Locomote,
G_Mas20220430PM,Mason,2022-04-30,PM,7,1117,Bailey,Locomote,
G_Mas20220430PM,Mason,2022-04-30,PM,7,1131,Beeker,Solo-Feed,
G_Mas20220430PM,Mason,2022-04-30,PM,7,1137,Gonzo,Inactive,
G_Mas20220430PM,Mason,2022-04-30,PM,7,1146,Gretel,Inactive,
G_Mas20220430PM,Mason,2022-04-30,PM,8,1263,Mason,Locomote,
G_Mas20220430PM,Mason,2022-04-30,PM,8,1269,Star,Locomote,
G_Mas20220430PM,Mason,2022-04-30,PM,8,1275,Scarlett,Solo-Feed,
G_Mas20220430PM,Mason,2022-04-30,PM,8,1285,Benny,Locomote,
G_Mas20220430PM,Mason,2022-04-30,PM,8,1288,Bias,Forage,
G_Mas20220430PM,Mason,2022-04-30,PM,8,1296,Bailey,Locomote,
G_Mas20220430PM,Mason,2022-04-30,PM,8,1300,Beeker,Solo-Feed,
G_Mas20220430PM,Mason,2022-04-30,PM,8,1304,Gonzo,Inactive,
G_Mas20220430PM,Mason,2022-04-30,PM,8,1310,Gretel,Locomote,
G_Mas20220430PM,Mason,2022-04-30,PM,9,1442,Mason,Solo-Feed,
G_Mas20220430PM,Mason,2022-04-30,PM,9,1454,Star,Forage,
G_Mas20220430PM,Mason,2022-04-30,PM,9,1468,Scarlett,Locomote,
G_Mas20220430PM,Mason,2022-04-30,PM,9,1474,Benny,,
G_Mas20220430PM,Mason,2022-04-30,PM,9,1477,Bias,Locomote,
G_Mas20220430PM,Mason,2022-04-30,PM,9,1480,Bailey,Locomote,
G_Mas20220430PM,Mason,2022-04-30,PM,9,1486,Beeker,Inactive,
G_Mas20220430PM,Mason,2022-04-30,PM,9,1513,Gonzo,Locomote,
G_Mas20220430PM,Mason,2022-04-30,PM,9,1522,Gretel,Solo-Feed,
G_Mas20220430PM,Mason,2022-04-30,PM,10,1622,Mason,Solo-Feed,
G_Mas20220430PM,Mason,2022-04-30,PM,10,1629,Star,Solo-Feed,
G_Mas20220430PM,Mason,2022-04-30,PM,10,1636,Scarlett,Inactive,
G_Mas20220430PM,Mason,2022-04-30,PM,10,1641,Benny,Locomote,
G_Mas20220430PM,Mason,2022-04-30,PM,10,1646,Bias,Groom,Gonzo
G_Mas20220430PM,Mason,2022-04-30,PM,10,1678,Bias,Proximity,Star
G_Mas20220430PM,Mason,2022-04-30,PM,10,1689,Bailey,Contact,Bias
G_Mas20220430PM,Mason,2022-04-30,PM,10,1733,Beeker,Inactive,
G_Mas20220430PM,Mason,2022-04-30,PM,10,1745,Gonzo,Locomote,
G_Mas20220430PM,Mason,2022-04-30,PM,10,1748,Gretel,Inactive,
G_Mas20220430PM,Mason,2022-04-30,PM,11,1804,Mason,Inactive,
G_Mas20220430PM,Mason,2022-04-30,PM,11,1813,Star,Locomote,
G_Mas20220430PM,Mason,2022-04-30,PM,11,1819,Scarlett,Locomote,
G_Mas20220430PM,Mason,2022-04-30,PM,11,1821,Benny,Proximity,Bailey
G_Mas20220430PM,Mason,2022-04-30,PM,11,1827,Bias,Locomote,
G_Mas20220430PM,Mason,2022-04-30,PM,11,1831,Bailey,Contact,Scarlett
G_Mas20220430PM,Mason,2022-04-30,PM,11,1844,Bailey,Proximity,Benny
G_Mas20220430PM,Mason,2022-04-30,PM,11,1849,Beeker,Locomote,
G_Mas20220430PM,Mason,2022-04-30,PM,11,1882,Gonzo,Locomote,
G_Mas20220430PM,Mason,2022-04-30,PM,11,1883,Gretel,Inactive,
G_Nki20220407PM,Nkima,2022-04-07,PM,1,1,Nkima,Proximity-Feed,Gambit
G_Nki20220407PM,Nkima,2022-04-07,PM,1,7,Nala,Locomote,
G_Nki20220407PM,Nkima,2022-04-07,PM,1,9,Gambit,Locomote,
G_Nki20220407PM,Nkima,2022-04-07,PM,1,13,Lychee,Proximity-Feed,Nkima
G_Nki20220407PM,Nkima,2022-04-07,PM,2,183,Nkima,Proximity-Feed,Gambit
G_Nki20220407PM,Nkima,2022-04-07,PM,2,189,Nala,Inactive,
G_Nki20220407PM,Nkima,2022-04-07,PM,2,192,Gambit,Solo-Feed,
G_Nki20220407PM,Nkima,2022-04-07,PM,2,198,Lychee,Proximity-Feed,Nkima
G_Nki20220407PM,Nkima,2022-04-07,PM,3,371,Nkima,Contact-Feed,Lychee
G_Nki20220407PM,Nkima,2022-04-07,PM,3,376,Nala,Solo-Feed,
G_Nki20220407PM,Nkima,2022-04-07,PM,3,379,Gambit,Proximity-Feed,Nkima
G_Nki20220407PM,Nkima,2022-04-07,PM,3,384,Lychee,Contact,Nkima
G_Nki20220407PM,Nkima,2022-04-07,PM,4,545,Nkima,Locomote,
G_Nki20220407PM,Nkima,2022-04-07,PM,4,548,Nala,Solo-Feed,
G_Nki20220407PM,Nkima,2022-04-07,PM,4,553,Gambit,Inactive,
G_Nki20220407PM,Nkima,2022-04-07,PM,4,557,Lychee,Proximity,Nkima
G_Nki20220407PM,Nkima,2022-04-07,PM,5,726,Nkima,Proximity-Feed,Lychee
G_Nki20220407PM,Nkima,2022-04-07,PM,5,731,Nala,Solo-Feed,
G_Nki20220407PM,Nkima,2022-04-07,PM,5,744,Gambit,Solo-Feed,
G_Nki20220407PM,Nkima,2022-04-07,PM,5,747,Lychee,Proximity,Nkima
G_Nki20220407PM,Nkima,2022-04-07,PM,6,907,Nkima,Proximity-Feed,Gambit
G_Nki20220407PM,Nkima,2022-04-07,PM,6,912,Nala,Locomote,
G_Nki20220407PM,Nkima,2022-04-07,PM,6,915,Gambit,Solo-Feed,
G_Nki20220407PM,Nkima,2022-04-07,PM,6,921,Lychee,Proximity,Nkima
G_Nki20220407PM,Nkima,2022-04-07,PM,7,1092,Nkima,Groom,Lychee
G_Nki20220407PM,Nkima,2022-04-07,PM,7,1096,Nala,Solo-Feed,
G_Nki20220407PM,Nkima,2022-04-07,PM,7,1109,Gambit,Locomote,
G_Nki20220407PM,Nkima,2022-04-07,PM,7,1115,Lychee,Contact,Nkima
G_Nki20220407PM,Nkima,2022-04-07,PM,8,1263,Nkima,Solo-Feed,
G_Nki20220407PM,Nkima,2022-04-07,PM,8,1266,Nala,Forage,
G_Nki20220407PM,Nkima,2022-04-07,PM,8,1273,Nala,Locomote,
G_Nki20220407PM,Nkima,2022-04-07,PM,8,1279,Lychee,Proximity-Feed,Nkima
G_Nki20220407PM,Nkima,2022-04-07,PM,9,1452,Nkima,Proximity,Nala
G_Nki20220407PM,Nkima,2022-04-07,PM,9,1460,Nala,Inactive,
G_Nki20220407PM,Nkima,2022-04-07,PM,9,1463,Gambit,Locomote,
G_Nki20220407PM,Nkima,2022-04-07,PM,9,1465,Lychee,Inactive,
G_Nki20220407PM,Nkima,2022-04-07,PM,10,1637,Nkima,Contact-Feed,Nala
G_Nki20220407PM,Nkima,2022-04-07,PM,10,1648,Nala,Contact-Feed,Nkima
G_Nki20220407PM,Nkima,2022-04-07,PM,10,1651,Gambit,Proximity,Nkima
G_Nki20220407PM,Nkima,2022-04-07,PM,10,1656,Lychee,Solo-Feed,
G_Nki20220407PM,Nkima,2022-04-07,PM,11,1805,Nkima,Locomote,
G_Nki20220407PM,Nkima,2022-04-07,PM,11,1807,Nala,Locomote,
G_Nki20220407PM,Nkima,2022-04-07,PM,11,1809,Gambit,Inactive,
G_Nki20220407PM,Nkima,2022-04-07,PM,11,1811,Lychee,Locomote,
G_Nki20220417AM,Nkima,2022-04-17,AM,1,4,Nkima,Locomote,
G_Nki20220417AM,Nkima,2022-04-17,AM,1,10,Nala,Locomote,
G_Nki20220417AM,Nkima,2022-04-17,AM,1,18,Gambit,Inactive,
G_Nki20220417AM,Nkima,2022-04-17,AM,1,29,Lychee,Locomote,
G_Nki20220417AM,Nkima,2022-04-17,AM,2,186,Nkima,Locomote,
G_Nki20220417AM,Nkima,2022-04-17,AM,2,190,Nala,Inactive,
G_Nki20220417AM,Nkima,2022-04-17,AM,2,194,Gambit,Groom,Gambit
G_Nki20220417AM,Nkima,2022-04-17,AM,2,199,Lychee,Locomote,
G_Nki20220417AM,Nkima,2022-04-17,AM,3,365,Nkima,Locomote,
G_Nki20220417AM,Nkima,2022-04-17,AM,3,372,Nala,Locomote,
G_Nki20220417AM,Nkima,2022-04-17,AM,3,378,Gambit,Groom,Gambit
G_Nki20220417AM,Nkima,2022-04-17,AM,3,387,Lychee,Inactive,
G_Nki20220417AM,Nkima,2022-04-17,AM,4,543,Nkima,Proximity,Gambit
G_Nki20220417AM,Nkima,2022-04-17,AM,4,548,Nala,Locomote,
G_Nki20220417AM,Nkima,2022-04-17,AM,4,551,Gambit,Groom,Gambit
G_Nki20220417AM,Nkima,2022-04-17,AM,4,556,Lychee,Locomote,
G_Nki20220417AM,Nkima,2022-04-17,AM,5,724,Nkima,Locomote,
G_Nki20220417AM,Nkima,2022-04-17,AM,5,728,Nala,Locomote,
G_Nki20220417AM,Nkima,2022-04-17,AM,5,730,Gambit,Groom,Gambit
G_Nki20220417AM,Nkima,2022-04-17,AM,5,752,Lychee,Locomote,
G_Nki20220417AM,Nkima,2022-04-17,AM,6,906,Nkima,Locomote,
G_Nki20220417AM,Nkima,2022-04-17,AM,6,912,Nala,Inactive,
G_Nki20220417AM,Nkima,2022-04-17,AM,6,916,Gambit,Proximity,Nala
G_Nki20220417AM,Nkima,2022-04-17,AM,6,922,Lychee,Locomote,
G_Nki20220417AM,Nkima,2022-04-17,AM,7,1083,Nkima,Locomote,
G_Nki20220417AM,Nkima,2022-04-17,AM,7,1090,Nala,Groom,Nala
G_Nki20220417AM,Nkima,2022-04-17,AM,7,1103,Gambit,Groom,Gambit
G_Nki20220417AM,Nkima,2022-04-17,AM,7,1120,Lychee,Locomote,
G_Nki20220417AM,Nkima,2022-04-17,AM,8,1265,Nkima,Locomote,
G_Nki20220417AM,Nkima,2022-04-17,AM,8,1271,Nala,Contact,Gambit
G_Nki20220417AM,Nkima,2022-04-17,AM,8,1278,Gambit,Locomote,
G_Nki20220417AM,Nkima,2022-04-17,AM,8,1282,Lychee,Locomote,
G_Nki20220417AM,Nkima,2022-04-17,AM,9,1447,Nkima,Locomote,
G_Nki20220417AM,Nkima,2022-04-17,AM,9,1457,Nala,Locomote,
G_Nki20220417AM,Nkima,2022-04-17,AM,9,1460,Gambit,Locomote,
G_Nki20220417AM,Nkima,2022-04-17,AM,9,1461,Lychee,Locomote,
G_Nki20220417AM,Nkima,2022-04-17,AM,10,1629,Nala,Locomote,
G_Nki20220417AM,Nkima,2022-04-17,AM,10,1633,Gambit,Locomote,
G_Nki20220417AM,Nkima,2022-04-17,AM,10,1637,Lychee,Locomote,
G_Nki20220417AM,Nkima,2022-04-17,AM,11,1811,Nkima,Locomote,
G_Nki20220417AM,Nkima,2022-04-17,AM,11,1816,Nala,Proximity,Gambit
G_Nki20220417AM,Nkima,2022-04-17,AM,11,1821,Gambit,Proximity,Nala
G_Nki20220417AM,Nkima,2022-04-17,AM,11,1829,Lychee,Locomote,
G_Nki20220420PM,Nkima,2022-04-20,PM,1,2,Nkima,Solo-Feed,
G_Nki20220420PM,Nkima,2022-04-20,PM,1,14,Nala,Inactive,
G_Nki20220420PM,Nkima,2022-04-20,PM,1,18,Gambit,Locomote,
G_Nki20220420PM,Nkima,2022-04-20,PM,1,22,Lychee,Solo-Feed,
G_Nki20220420PM,Nkima,2022-04-20,PM,2,187,Nkima,Inactive,
G_Nki20220420PM,Nkima,2022-04-20,PM,2,200,Nala,,
G_Nki20220420PM,Nkima,2022-04-20,PM,2,204,Gambit,Solo-Feed,
G_Nki20220420PM,Nkima,2022-04-20,PM,2,209,Lychee,Forage,
G_Nki20220420PM,Nkima,2022-04-20,PM,3,367,Nkima,Proximity-Feed,Gambit
G_Nki20220420PM,Nkima,2022-04-20,PM,3,381,Nala,Inactive,
G_Nki20220420PM,Nkima,2022-04-20,PM,3,385,Gambit,Locomote,
G_Nki20220420PM,Nkima,2022-04-20,PM,3,388,Lychee,Forage,
G_Nki20220420PM,Nkima,2022-04-20,PM,4,549,Nkima,Solo-Feed,
G_Nki20220420PM,Nkima,2022-04-20,PM,4,564,Nala,Inactive,
G_Nki20220420PM,Nkima,2022-04-20,PM,4,570,Gambit,Inactive,
G_Nki20220420PM,Nkima,2022-04-20,PM,4,572,Lychee,Inactive,
G_Nki20220420PM,Nkima,2022-04-20,PM,5,734,Nkima,Inactive,
G_Nki20220420PM,Nkima,2022-04-20,PM,5,739,Nala,Solo-Feed,
G_Nki20220420PM,Nkima,2022-04-20,PM,5,745,Gambit,Locomote,
G_Nki20220420PM,Nkima,2022-04-20,PM,5,750,Lychee,Forage,
G_Nki20220420PM,Nkima,2022-04-20,PM,6,910,Nkima,Solo-Feed,
G_Nki20220420PM,Nkima,2022-04-20,PM,6,920,Nala,Inactive,
G_Nki20220420PM,Nkima,2022-04-20,PM,6,923,Gambit,Locomote,
G_Nki20220420PM,Nkima,2022-04-20,PM,6,928,Lychee,Solo-Feed,
G_Nki20220420PM,Nkima,2022-04-20,PM,7,1082,Nkima,Locomote,
G_Nki20220420PM,Nkima,2022-04-20,PM,7,1084,Nala,Inactive,
G_Nki20220420PM,Nkima,2022-04-20,PM,7,1089,Gambit,Locomote,
G_Nki20220420PM,Nkima,2022-04-20,PM,7,1092,Lychee,Solo-Feed,
G_Nki20220420PM,Nkima,2022-04-20,PM,8,1267,Nkima,Proximity,Gambit
G_Nki20220420PM,Nkima,2022-04-20,PM,8,1270,Nala,Locomote,
G_Nki20220420PM,Nkima,2022-04-20,PM,8,1272,Gambit,Proximity,Nkima
G_Nki20220420PM,Nkima,2022-04-20,PM,8,1277,Lychee,Locomote,
G_Nki20220420PM,Nkima,2022-04-20,PM,9,1441,Nkima,Locomote,
G_Nki20220420PM,Nkima,2022-04-20,PM,9,1445,Nala,Inactive,
G_Nki20220420PM,Nkima,2022-04-20,PM,9,1454,Gambit,Inactive,
G_Nki20220420PM,Nkima,2022-04-20,PM,9,1459,Lychee,Forage,
G_Nki20220420PM,Nkima,2022-04-20,PM,10,1623,Nkima,Solo-Feed,
G_Nki20220420PM,Nkima,2022-04-20,PM,10,1642,Nala,Inactive,
G_Nki20220420PM,Nkima,2022-04-20,PM,10,1644,Gambit,Locomote,
G_Nki20220420PM,Nkima,2022-04-20,PM,10,1655,Lychee,Forage,
G_Nki20220420PM,Nkima,2022-04-20,PM,11,1805,Nkima,Locomote,
G_Nki20220420PM,Nkima,2022-04-20,PM,11,1809,Nala,Locomote,
G_Nki20220420PM,Nkima,2022-04-20,PM,11,1811,Gambit,Locomote,
G_Nki20220420PM,Nkima,2022-04-20,PM,11,1815,Lychee,Inactive,
G_Nki20220421PM,Nkima,2022-04-21,PM,1,3,Nkima,Locomote,
G_Nki20220421PM,Nkima,2022-04-21,PM,1,11,Nala,Solo-Feed,
G_Nki20220421PM,Nkima,2022-04-21,PM,1,22,Gambit,Inactive,
G_Nki20220421PM,Nkima,2022-04-21,PM,1,26,Lychee,Inactive,
G_Nki20220421PM,Nkima,2022-04-21,PM,2,184,Nkima,Solo-Feed,
G_Nki20220421PM,Nkima,2022-04-21,PM,2,190,Nala,Locomote,
G_Nki20220421PM,Nkima,2022-04-21,PM,2,191,Gambit,Locomote,
G_Nki20220421PM,Nkima,2022-04-21,PM,2,198,Lychee,,
G_Nki20220421PM,Nkima,2022-04-21,PM,3,381,Nkima,Solo-Feed,
G_Nki20220421PM,Nkima,2022-04-21,PM,3,384,Nala,Locomote,
G_Nki20220421PM,Nkima,2022-04-21,PM,3,385,Gambit,Solo-Feed,
G_Nki20220421PM,Nkima,2022-04-21,PM,3,391,Lychee,Solo-Feed,
G_Nki20220421PM,Nkima,2022-04-21,PM,4,545,Nkima,Locomote,
G_Nki20220421PM,Nkima,2022-04-21,PM,4,549,Nala,Inactive,
G_Nki20220421PM,Nkima,2022-04-21,PM,4,555,Gambit,Locomote,
G_Nki20220421PM,Nkima,2022-04-21,PM,4,561,Lychee,Locomote,
G_Nki20220421PM,Nkima,2022-04-21,PM,5,726,Nkima,Locomote,
G_Nki20220421PM,Nkima,2022-04-21,PM,5,731,Nala,Inactive,
G_Nki20220421PM,Nkima,2022-04-21,PM,5,736,Gambit,Locomote,
G_Nki20220421PM,Nkima,2022-04-21,PM,5,740,Lychee,Locomote,
G_Nki20220421PM,Nkima,2022-04-21,PM,6,916,Nkima,Locomote,
G_Nki20220421PM,Nkima,2022-04-21,PM,6,923,Nala,Solo-Feed,
G_Nki20220421PM,Nkima,2022-04-21,PM,6,933,Gambit,Locomote,
G_Nki20220421PM,Nkima,2022-04-21,PM,6,938,Lychee,Solo-Feed,
G_Nki20220421PM,Nkima,2022-04-21,PM,7,1092,Nkima,Solo-Feed,
G_Nki20220421PM,Nkima,2022-04-21,PM,7,1097,Nala,Inactive,
G_Nki20220421PM,Nkima,2022-04-21,PM,7,1101,Gambit,,
G_Nki20220421PM,Nkima,2022-04-21,PM,7,1104,Lychee,Solo-Feed,
G_Nki20220421PM,Nkima,2022-04-21,PM,8,1274,Nkima,Manipulate,
G_Nki20220421PM,Nkima,2022-04-21,PM,8,1288,Nala,Locomote,
G_Nki20220421PM,Nkima,2022-04-21,PM,8,1293,Gambit,Locomote,
G_Nki20220421PM,Nkima,2022-04-21,PM,8,1301,Lychee,Inactive,
G_Nki20220421PM,Nkima,2022-04-21,PM,9,1463,Nkima,Locomote,
G_Nki20220421PM,Nkima,2022-04-21,PM,9,1470,Nala,Inactive,
G_Nki20220421PM,Nkima,2022-04-21,PM,9,1474,Gambit,Locomote,
G_Nki20220421PM,Nkima,2022-04-21,PM,9,1477,Lychee,Inactive,
G_Nki20220421PM,Nkima,2022-04-21,PM,10,1625,Nkima,Locomote,
G_Nki20220421PM,Nkima,2022-04-21,PM,10,1628,Nala,Locomote,
G_Nki20220421PM,Nkima,2022-04-21,PM,10,1630,Gambit,Locomote,
G_Nki20220421PM,Nkima,2022-04-21,PM,10,1648,Lychee,Inactive,
G_Nki20220421PM,Nkima,2022-04-21,PM,11,1808,Nkima,,
G_Nki20220421PM,Nkima,2022-04-21,PM,11,1814,Nala,Inactive,
G_Nki20220421PM,Nkima,2022-04-21,PM,11,1825,Gambit,Sexual,Inter-G
G_Nki20220421PM,Nkima,2022-04-21,PM,11,1834,Lychee,Locomote,
G_Nki20220424AM,Nkima,2022-04-24,AM,1,1,Nkima,Locomote,
G_Nki20220424AM,Nkima,2022-04-24,AM,1,3,Nala,Locomote,
G_Nki20220424AM,Nkima,2022-04-24,AM,1,5,Gambit,Inactive,
G_Nki20220424AM,Nkima,2022-04-24,AM,1,6,Lychee,Locomote,
G_Nki20220424AM,Nkima,2022-04-24,AM,2,183,Nkima,Inactive,
G_Nki20220424AM,Nkima,2022-04-24,AM,2,189,Nala,Locomote,
G_Nki20220424AM,Nkima,2022-04-24,AM,2,193,Gambit,Locomote,
G_Nki20220424AM,Nkima,2022-04-24,AM,2,195,Lychee,Locomote,
G_Nki20220424AM,Nkima,2022-04-24,AM,3,361,Nkima,Locomote,
G_Nki20220424AM,Nkima,2022-04-24,AM,3,365,Nala,Inactive,
G_Nki20220424AM,Nkima,2022-04-24,AM,3,368,Gambit,Locomote,
G_Nki20220424AM,Nkima,2022-04-24,AM,3,371,Lychee,Locomote,
G_Nki20220424AM,Nkima,2022-04-24,AM,4,587,Nkima,Locomote,
G_Nki20220424AM,Nkima,2022-04-24,AM,4,592,Nala,Locomote,
G_Nki20220424AM,Nkima,2022-04-24,AM,4,595,Gambit,Groom,Gambit
G_Nki20220424AM,Nkima,2022-04-24,AM,4,599,Lychee,Locomote,
G_Nki20220424AM,Nkima,2022-04-24,AM,5,721,Nkima,Locomote,
G_Nki20220424AM,Nkima,2022-04-24,AM,5,723,Nala,Inactive,
G_Nki20220424AM,Nkima,2022-04-24,AM,5,726,Gambit,Groom,Gambit
G_Nki20220424AM,Nkima,2022-04-24,AM,5,729,Lychee,Locomote,
G_Nki20220424AM,Nkima,2022-04-24,AM,6,906,Nkima,Inactive,
G_Nki20220424AM,Nkima,2022-04-24,AM,6,911,Nala,Locomote,
G_Nki20220424AM,Nkima,2022-04-24,AM,6,915,Gambit,Locomote,
G_Nki20220424AM,Nkima,2022-04-24,AM,6,917,Lychee,Inactive,
G_Nki20220424AM,Nkima,2022-04-24,AM,7,1083,Nkima,Locomote,
G_Nki20220424AM,Nkima,2022-04-24,AM,7,1087,Nala,Inactive,
G_Nki20220424AM,Nkima,2022-04-24,AM,7,1090,Gambit,Locomote,
G_Nki20220424AM,Nkima,2022-04-24,AM,7,1093,Lychee,Locomote,
G_Nki20220424AM,Nkima,2022-04-24,AM,8,1262,Nkima,Locomote,
G_Nki20220424AM,Nkima,2022-04-24,AM,8,1265,Nala,Groom,Nala
G_Nki20220424AM,Nkima,2022-04-24,AM,8,1268,Gambit,Groom,Gambit
G_Nki20220424AM,Nkima,2022-04-24,AM,8,1272,Lychee,Inactive,
G_Nki20220424AM,Nkima,2022-04-24,AM,9,1443,Nkima,Groom,Nkima
G_Nki20220424AM,Nkima,2022-04-24,AM,9,1447,Nala,Inactive,
G_Nki20220424AM,Nkima,2022-04-24,AM,9,1449,Gambit,Inactive,
G_Nki20220424AM,Nkima,2022-04-24,AM,9,1453,Lychee,Locomote,
G_Nki20220424AM,Nkima,2022-04-24,AM,10,1621,Nkima,Locomote,
G_Nki20220424AM,Nkima,2022-04-24,AM,10,1626,Nala,Groom,Nala
G_Nki20220424AM,Nkima,2022-04-24,AM,10,1628,Gambit,Locomote,
G_Nki20220424AM,Nkima,2022-04-24,AM,10,1631,Lychee,Locomote,
G_Nki20220424AM,Nkima,2022-04-24,AM,11,1802,Nkima,Locomote,
G_Nki20220424AM,Nkima,2022-04-24,AM,11,1805,Nala,Inactive,
G_Nki20220424AM,Nkima,2022-04-24,AM,11,1808,Gambit,Groom,Gambit
G_Nki20220424AM,Nkima,2022-04-24,AM,11,1811,Lychee,Locomote,
G_Nki20220428PM,Nkima,2022-04-28,PM,1,7,Nkima,Locomote,
G_Nki20220428PM,Nkima,2022-04-28,PM,1,12,Nala,Solo-Feed,
G_Nki20220428PM,Nkima,2022-04-28,PM,1,19,Gambit,Locomote,
G_Nki20220428PM,Nkima,2022-04-28,PM,1,21,Lychee,Solo-Feed,
G_Nki20220428PM,Nkima,2022-04-28,PM,2,197,Nkima,Locomote,
G_Nki20220428PM,Nkima,2022-04-28,PM,2,202,Nala,Proximity-Feed,Nkima
G_Nki20220428PM,Nkima,2022-04-28,PM,2,208,Gambit,Locomote,
G_Nki20220428PM,Nkima,2022-04-28,PM,2,210,Lychee,Locomote,
G_Nki20220428PM,Nkima,2022-04-28,PM,3,376,Nkima,Proximity,Gambit
G_Nki20220428PM,Nkima,2022-04-28,PM,3,393,Nala,Inactive,
G_Nki20220428PM,Nkima,2022-04-28,PM,3,396,Gambit,Locomote,
G_Nki20220428PM,Nkima,2022-04-28,PM,3,399,Lychee,Inactive,
G_Nki20220428PM,Nkima,2022-04-28,PM,4,647,Nkima,Locomote,
G_Nki20220428PM,Nkima,2022-04-28,PM,4,650,Nala,Inactive,
G_Nki20220428PM,Nkima,2022-04-28,PM,4,652,Gambit,Locomote,
G_Nki20220428PM,Nkima,2022-04-28,PM,4,656,Lychee,Locomote,
G_Nki20220428PM,Nkima,2022-04-28,PM,5,738,Nkima,Solo-Feed,
G_Nki20220428PM,Nkima,2022-04-28,PM,5,745,Nala,Inactive,
G_Nki20220428PM,Nkima,2022-04-28,PM,5,760,Gambit,Locomote,
G_Nki20220428PM,Nkima,2022-04-28,PM,5,763,Lychee,Locomote,
G_Nki20220428PM,Nkima,2022-04-28,PM,6,912,Nkima,Locomote,
G_Nki20220428PM,Nkima,2022-04-28,PM,6,927,Nala,Inactive,
G_Nki20220428PM,Nkima,2022-04-28,PM,6,931,Gambit,Locomote,
G_Nki20220428PM,Nkima,2022-04-28,PM,6,933,Lychee,Locomote,
G_Nki20220428PM,Nkima,2022-04-28,PM,7,1115,Nkima,Locomote,
G_Nki20220428PM,Nkima,2022-04-28,PM,7,1118,Nala,Solo-Feed,
G_Nki20220428PM,Nkima,2022-04-28,PM,7,1141,Gambit,Proximity,Nala
G_Nki20220428PM,Nkima,2022-04-28,PM,7,1146,Lychee,Locomote,
G_Nki20220428PM,Nkima,2022-04-28,PM,8,1268,Nkima,Inactive,
G_Nki20220428PM,Nkima,2022-04-28,PM,8,1272,Nala,Locomote,
G_Nki20220428PM,Nkima,2022-04-28,PM,8,1274,Gambit,Locomote,
G_Nki20220428PM,Nkima,2022-04-28,PM,8,1275,Lychee,Locomote,
G_Nki20220428PM,Nkima,2022-04-28,PM,9,1447,Nkima,Locomote,
G_Nki20220428PM,Nkima,2022-04-28,PM,9,1452,Nala,Solo-Feed,
G_Nki20220428PM,Nkima,2022-04-28,PM,9,1457,Gambit,Solo-Feed,
G_Nki20220428PM,Nkima,2022-04-28,PM,9,1463,Lychee,Locomote,
G_Nki20220428PM,Nkima,2022-04-28,PM,10,1628,Nkima,Solo-Feed,
G_Nki20220428PM,Nkima,2022-04-28,PM,10,1635,Nala,Inactive,
G_Nki20220428PM,Nkima,2022-04-28,PM,10,1642,Gambit,Inactive,
G_Nki20220428PM,Nkima,2022-04-28,PM,10,1645,Lychee,Locomote,
G_Nki20220428PM,Nkima,2022-04-28,PM,11,1812,Nkima,Solo-Feed,
G_Nki20220428PM,Nkima,2022-04-28,PM,11,1819,Nala,Proximity,Gambit
G_Nki20220428PM,Nkima,2022-04-28,PM,11,1820,Gambit,Proximity,Nkima
G_Nki20220428PM,Nkima,2022-04-28,PM,11,1826,Lychee,Locomote,
G_Log20220403AM,Logan,2022-04-03,AM,7,1081,Logan,Contact,Paddy
G_Log20220403AM,Logan,2022-04-03,AM,7,1088,Ivory,Contact,Paddy
G_Log20220403AM,Logan,2022-04-03,AM,7,1102,Paddy,Contact,Ivory
G_Log20220403AM,Logan,2022-04-03,AM,7,1110,Ingrid,Proximity,Paddy
G_Log20220403AM,Logan,2022-04-03,AM,8,1263,Logan,Contact,Ingrid
G_Log20220403AM,Logan,2022-04-03,AM,9,1441,Logan,Contact,Paddy
G_Log20220403AM,Logan,2022-04-03,AM,9,1448,Ivory,Proximity,Ingrid
G_Log20220403AM,Logan,2022-04-03,AM,9,1464,Paddy,Proximity,Ira
G_Log20220403AM,Logan,2022-04-03,AM,9,1469,Ingrid,Contact,Ira
G_Log20220403AM,Logan,2022-04-03,AM,9,1474,Ingrid,Proximity,Paddy
G_Log20220409PM,Logan,2022-04-09,PM,2,187,Logan,Proximity-Feed,Ira
G_Log20220421PM,Logan,2022-04-21,PM,2,202,Paddy,Proximity,Ivory
G_Log20220421PM,Logan,2022-04-21,PM,3,366,Logan,Proximity,Irene
G_Log20220421PM,Logan,2022-04-21,PM,3,389,Paddy,Proximity,Ivory
G_Log20220427PM,Logan,2022-04-27,PM,3,388,Ivory,Proximity,Ira
G_Log20220427PM,Logan,2022-04-27,PM,3,391,Ira,Proximity,Logan
G_Mas20220430PM,Mason,2022-04-30,PM,10,1678,Bias,Proximity,Benny
G_Mas20220430PM,Mason,2022-04-30,PM,10,1689,Bailey,Contact,Benny
G_Nki20220407PM,Nkima,2022-04-07,PM,1,13,Lychee,Proximity-Feed,Gambit
G_Nki20220407PM,Nkima,2022-04-07,PM,2,183,Nkima,Proximity-Feed,Lychee
G_Nki20220407PM,Nkima,2022-04-07,PM,3,371,Nkima,Contact-Feed,Gambit
G_Nki20220407PM,Nkima,2022-04-07,PM,3,379,Gambit,Proximity-Feed,Lychee
G_Nki20220407PM,Nkima,2022-04-07,PM,6,907,Nkima,Proximity-Feed,Lychee
G_Nki20220407PM,Nkima,2022-04-07,PM,9,1452,Nkima,Proximity,Gambit
G_Nki20220407PM,Nkima,2022-04-07,PM,10,1651,Gambit,Proximity,Nala
G_Log20220403AM,Logan,2022-04-03,AM,7,1081,Logan,Contact,Ingrid
G_Log20220403AM,Logan,2022-04-03,AM,9,1441,Logan,Contact,Ingrid
G_Log20220403AM,Logan,2022-04-03,AM,9,1464,Paddy,Proximity,Ingrid
